CLASE ACCIDENTE,FECHA,AÑO,HORA,JORNADA,DIA_SEMANA,BARRIOS-CORREGIMIENTO- VIA,DIRECCION,ZONA,AUTORIDAD,LAT,LONG,HIPOTESIS,CODIGO,CONDICION DE LA VICTIMA,GRAVEDAD,EDAD,GENERO,LESIONADOS Y MUERTOS,CLINICA,CLASE VEHICULO,MARCA,MATRICULA,TIPO DE SERVICIO,EMPRESA
HERIDOS,01/01/2022 12:00:00 AM,"2,022",1899-12-31T09:30:00.000,MAÑANA,SABADO,BARRIO NUEVO,CALLE 19 CARRERA 32,URBANA,TECNICO,3.51833,-76.304,IMPERICIA EN EL MANEJO,139,MOTOCICLISTA,CHOQUE,22,MASCULINO,LESIONADO,PALMIRA,MOTO,YAMAHA,META,PARTICULAR,NO APLICA
HERIDOS,01/01/2022 12:00:00 AM,"2,022",1899-12-31T09:30:00.000,MAÑANA,SABADO,BARRIO NUEVO,CALLE 19 CARRERA 32,URBANA,TECNICO,3.51833,-76.304,IMPERICIA EN EL MANEJO,139,MOTOCICLISTA,CHOQUE,37,MASCULINO,LESIONADO,PALMIRA,MOTO,SUZUKI,FLORIDA,PARTICULAR,NO APLICA
HERIDOS,01/01/2022 12:00:00 AM,"2,022",1899-12-31T11:15:00.000,MAÑANA,SABADO,POBLADO,CARRERA 18 CALLE 44,URBANA,TECNICO,3.53869,-76.28967,NO RESPETAR PRELACION,132,NO APLICA,CHOQUE,31,MASCULINO,NO APLICA,NO APLICA,MOTO,YAMAHA,ARMENIA,PARTICULAR,NO APLICA
HERIDOS,01/01/2022 12:00:00 AM,"2,022",1899-12-31T11:15:00.000,MAÑANA,SABADO,POBLADO,CARRERA 18 CALLE 44,URBANA,TECNICO,3.53869,-76.28967,NO RESPETAR PRELACION,132,MOTOCICLISTA,CHOQUE,30,MASCULINO,LESIONADO,PALMIRA,MOTO,YAMAHA,PALMIRA,PARTICULAR,NO APLICA
HERIDOS,01/01/2022 12:00:00 AM,"2,022",1899-12-31T11:15:00.000,MAÑANA,SABADO,POBLADO,CARRERA 18 CALLE 44,URBANA,TECNICO,3.53869,-76.28967,NO RESPETAR PRELACION,132,ACOMPAÑANTE MOTOCICLISTA,CHOQUE,28,FEMENINA,LESIONADO,PALMIRA,NO APLICA,NO APLICA,NO APLICA,NO APLICA,NO APLICA
HERIDOS,01/01/2022 12:00:00 AM,"2,022",1899-12-31T13:10:00.000,TARDE,SABADO,CENTRO,CALLE 29 CARRERA 32,URBANA,TECNICO,3.52657,-76.30258,SEMAFORO EN ROJO,142,NO APLICA,CHOQUE,46,MASCULINO,NO APLICA,NO APLICA,CAMIONETA,CHEVROLET,PALMIRA,PARTICULAR,NO APLICA
HERIDOS,01/01/2022 12:00:00 AM,"2,022",1899-12-31T13:10:00.000,TARDE,SABADO,CENTRO,CALLE 29 CARRERA 32,URBANA,TECNICO,3.52657,-76.30258,SEMAFORO EN ROJO,142,MOTOCICLISTA,CHOQUE,19,MASCULINO,LESIONADO,PALMIRA,MOTO,SUZUKI,GUACARI,PARTICULAR,NO APLICA
HERIDOS,01/01/2022 12:00:00 AM,"2,022",1899-12-31T18:00:00.000,NOCHE,SABADO,VIA PALMIRA  BOLO,KM 2,RURAL,TECNICO,3.50154,-76.31755,INVADIR CARRIL SENTIDO CONTRARIO,157,NO APLICA,CHOQUE,23,MASCULINO,NO APLICA,NO APLICA,BUS,HINO,CANDELARIA,PUBLICO,SULTANA
HERIDOS,01/01/2022 12:00:00 AM,"2,022",1899-12-31T18:00:00.000,NOCHE,SABADO,VIA PALMIRA  BOLO,KM 2,RURAL,TECNICO,3.50154,-76.31755,INVADIR CARRIL SENTIDO CONTRARIO,157,MOTOCICLISTA,CHOQUE,23,MASCULINO,LESIONADO,PALMIRA,MOTO,BAJAJ,PALMIRA,PARTICULAR,NO APLICA
MUERTO,01/01/2022 12:00:00 AM,"2,022",1899-12-31T21:23:00.000,NOCHE,SABADO,CENTRO POBLADO ROZO,CALLE 10 CARRERA 14A-418,RURAL,TECNICO,3.61496,-76.39031,POR ESTABLECER,157,MOTOCICLISTA,CHOQUE,26,MASCULINO,MUERTO,NO APLICA,MOTO,HONDA,PALMIRA,PARTICULAR,NO APLICA
MUERTO,01/01/2022 12:00:00 AM,"2,022",1899-12-31T21:23:00.000,NOCHE,SABADO,CENTRO POBLADO ROZO,CALLE 10 CARRERA 14A-418,RURAL,TECNICO,3.61496,-76.39031,POR ESTABLECER,157,MOTOCICLISTA,CHOQUE,21,MASCULINO,LESIONADO,RAUL,MOTO,HONDA,CALI,PARTICULAR,NO APLICA
MUERTO,01/01/2022 12:00:00 AM,"2,022",1899-12-31T21:23:00.000,NOCHE,SABADO,CENTRO POBLADO ROZO,CALLE 10 CARRERA 14A-418,RURAL,TECNICO,3.61496,-76.39031,POR ESTABLECER,157,ACOMPAÑANTE MOTOCICLISTA,CHOQUE,16,FEMENINA,LESIONADO,RAUL,NO APLICA,NO APLICA,NO APLICA,NO APLICA,NO APLICA
HERIDOS,01/01/2022 12:00:00 AM,"2,022",1899-12-31T22:20:00.000,NOCHE,SABADO,COLOMBIA,CARRERA 32 CALLE 35,URBANA,TECNICO,3.53249,-76.30178,DESOBEDESER SEÑAL,112,NO APLICA,CHOQUE,21,MASCULINO,NO APLICA,NO APLICA,AUTOMOVIL,CHEVROLET,CALI,PARTICULAR,NO APLICA
HERIDOS,01/01/2022 12:00:00 AM,"2,022",1899-12-31T22:20:00.000,NOCHE,SABADO,COLOMBIA,CARRERA 32 CALLE 35,URBANA,TECNICO,3.53249,-76.30178,DESOBEDESER SEÑAL,112,MOTOCICLISTA,CHOQUE,65,MASCULINO,LESIONADO,PALMIRA,MOTO,SUZUKI,SANTANDER,PARTICULAR,NO APLICA
MUERTO,01/01/2022 12:00:00 AM,"2,022",1899-12-31T20:00:00.000,NOCHE,SABADO,VIA CALI - PALMIRA NORTE,KM 8 + 50 MTS,RURAL,POLICIA,3.50726,-76.41567,TRANSITAR POR LA CALZADA,404,PEATON,ATROPELLO,66,MASCULINO,MUERTO,NO APLICA,NO APLICA,NO APLICA,NO APLICA,NO APLICA,NO APLICA
MUERTO,01/09/2022 12:00:00 AM,"2,022",1899-12-31T06:30:00.000,MAÑANA,DOMINGO,VIA CALI - PALMIRA SUR,KM 18 + 600 MTS,RURAL,POLICIA,3.53172,-76.3234,PERDIDA DEL CONTROL DEL VEHICULO,157,MOTOCICLISTA,CHOQUE ARBOL,28,MASCULINO,MUERTO,NO APLICA,MOTO,NO APLICA,NO APLICA,PARTICULAR,NO APLICA
HERIDOS,01/02/2022 12:00:00 AM,"2,022",1899-12-31T05:50:00.000,MADRUGADA,DOMINGO,VIA PALMIRA ROZO,KM 1,RURAL,TECNICO,3.56149,-76.31098,PERDIDA DEL CONTROL DEL VEHICULO,157,MOTOCICLISTA,CHOQUE ARBOL,26,MASCULINO,LESIONADO,PALMIRA,MOTO,HERO,CALI,PARTICULAR,NO APLICA
DAÑOS,01/03/2022 12:00:00 AM,"2,022",1899-12-31T15:30:00.000,MAÑANA,LUNES,SANTA BARBARA,CALLE 31 CARRERA 46,URBANA,TECNICO,3.52914,-76.31746,GIRAR REPENTINAMENTE,122,NO APLICA,CHOQUE,28,MASCULINO,NO APLICA,NO APLICA,CAMION,CHEVROLET,CALI,PARTICULAR,NO APLICA
DAÑOS,01/03/2022 12:00:00 AM,"2,022",1899-12-31T15:30:00.000,MAÑANA,LUNES,SANTA BARBARA,CALLE 31 CARRERA 46,URBANA,TECNICO,3.52914,-76.31746,GIRAR REPENTINAMENTE,122,NO APLICA,CHOQUE,29,FEMENINA,NO APLICA,NO APLICA,AUTOMOVIL,KIA,CALI,PARTICULAR,NO APLICA
DAÑOS,01/03/2022 12:00:00 AM,"2,022",1899-12-31T08:30:00.000,MAÑANA,LUNES,CENTRO,CALLE 31 CARRERA 24,URBANA,TECNICO,3.52755,-76.29545,SEMAFORO EN ROJO,142,NO APLICA,CHOQUE,62,MASCULINO,NO APLICA,NO APLICA,AUTOMOVIL,VOLKWAGEN,CALI,PARTICULAR,NO APLICA
DAÑOS,01/03/2022 12:00:00 AM,"2,022",1899-12-31T04:30:00.000,MAÑANA,LUNES,CENTRO,CALLE 31 CARRERA 24,URBANA,TECNICO,3.52755,-76.29545,SEMAFORO EN ROJO,142,NO APLICA,CHOQUE,64,MASCULINO,NO APLICA,NO APLICA,AUTOMOVIL,MAZDA,JAMUNDI,PARTICULAR,NO APLICA
HERIDOS,01/03/2022 12:00:00 AM,"2,022",1899-12-31T13:20:00.000,TARDE,LUNES,COLOMBIA,CARRERA 31 CALLE 33,URBANA,TECNICO,3.53075,-76.30105,SEMAFORO EN ROJO,142,MOTOCICLISTA,CHOQUE,64,MASCULINO,LESIONADO,PALMIRA,MOTO,HONDA,FLORIDA,PARTICULAR,NO APLICA
HERIDOS,01/03/2022 12:00:00 AM,"2,022",1899-12-31T13:20:00.000,TARDE,LUNES,COLOMBIA,CARRERA 31 CALLE 33,URBANA,TECNICO,3.53075,-76.30105,SEMAFORO EN ROJO,142,NO APLICA,CHOQUE,34,MASCULINO,NO APLICA,NO APLICA,AUTOMOVIL,RENAULT,CALI,PARTICULAR,NO APLICA
HERIDOS,01/03/2022 12:00:00 AM,"2,022",1899-12-31T13:20:00.000,TARDE,LUNES,COLOMBIA,CARRERA 31 CALLE 33,URBANA,TECNICO,3.53075,-76.30105,SEMAFORO EN ROJO,142,ACOMPAÑANTE MOTOCICLISTA,CHOQUE,39,FEMENINA,LESIONADO,PALMIRA,NO APLICA,NO APLICA,NO APLICA,NO APLICA,NO APLICA
MUERTO,01/03/2022 12:00:00 AM,"2,022",1899-12-31T21:00:00.000,NOCHE,LUNES,COLOMBIA,CARRERA 31 CALLE 36,URBANA,TECNICO,3.53319,-76.30065,SEMAFORO EN ROJO,142,NO APLICA,CHOQUE,28,MASCULINO,NO APLICA,NO APLICA,AUTOMOVIL,RENAULT,CALI,PARTICULAR,NO APLICA
MUERTO,01/03/2022 12:00:00 AM,"2,022",1899-12-31T21:00:00.000,NOCHE,LUNES,COLOMBIA,CARRERA 31 CALLE 36,URBANA,TECNICO,3.53319,-76.30065,SEMAFORO EN ROJO,142,MOTOCICLISTA,CHOQUE,23,FEMENINA,LESIONADO,PALMA,MOTO,TONGKO,GUACARI,PARTICULAR,NO APLICA
MUERTO,01/03/2022 12:00:00 AM,"2,022",1899-12-31T21:00:00.000,NOCHE,LUNES,COLOMBIA,CARRERA 31 CALLE 36,URBANA,TECNICO,3.53319,-76.30065,SEMAFORO EN ROJO,142,ACOMPAÑANTE MOTOCICLISTA,CHOQUE,57,FEMENINA,MUERTO,NO APLICA,NO APLICA,NO APLICA,NO APLICA,NO APLICA,NO APLICA
DAÑOS,01/04/2022 12:00:00 AM,"2,022",1899-12-31T17:20:00.000,TARDE,MARTES,CENTRO COMERCIAL LLANOGRANDE,PARQUIADERO,URBANA,TECNICO,3.52776,-76.31709,NO ESTAR PENDIENTE DE LA VIA,157,NO APLICA,CHOQUE,48,FEMENINA,NO APLICA,NO APLICA,AUTOMOVIL,RENAULT,PALMIRA,PARTICULAR,NO APLICA
DAÑOS,01/04/2022 12:00:00 AM,"2,022",1899-12-31T17:20:00.000,TARDE,MARTES,CENTRO COMERCIAL LLANOGRANDE,PARQUIADERO,URBANA,TECNICO,3.52776,-76.31709,NO ESTAR PENDIENTE DE LA VIA,157,NO APLICA,CHOQUE,22,MASCULINO,NO APLICA,NO APLICA,AUTOMOVIL,CHEVROLET,CANDELARIA,PARTICULAR,NO APLICA
HERIDOS,01/04/2022 12:00:00 AM,"2,022",1899-12-31T11:30:00.000,MAÑANA,MARTES,RECREO,CALLE 22 CARRERA 27,URBANA,TECNICO,3.52015,-76.29909,DESOBEDESER SEÑAL,112,MOTOCICLISTA,CHOQUE,48,FEMENINA,LESIONADO,PALMIRA,MOTO,HONDA,CALI,PARTICULAR,NO APLICA
HERIDOS,01/04/2022 12:00:00 AM,"2,022",1899-12-31T11:30:00.000,MAÑANA,MARTES,RECREO,CALLE 22 CARRERA 27,URBANA,TECNICO,3.52015,-76.29909,DESOBEDESER SEÑAL,112,MOTOCICLISTA,CHOQUE,29,MASCULINO,NO APLICA,NO APLICA,MOTO,SUZUKI,PRADERA,PARTICULAR,NO APLICA
DAÑOS,01/05/2022 12:00:00 AM,"2,022",1899-12-31T17:30:00.000,TARDE,MIERCOLES,COLOMBIA,CALLE 31 CARRERA 21,URBANA,TECNICO,3.5272,-76.29292,DESOBEDESER SEÑAL,112,NO APLICA,CHOQUE,41,FEMENINA,NO APLICA,NO APLICA,CAMPERO,SUZUKI,CALI,PARTICULAR,NO APLICA
DAÑOS,01/05/2022 12:00:00 AM,"2,022",1899-12-31T17:30:00.000,TARDE,MIERCOLES,COLOMBIA,CALLE 31 CARRERA 21,URBANA,TECNICO,3.5272,-76.29292,DESOBEDESER SEÑAL,112,NO APLICA,CHOQUE,29,MASCULINO,NO APLICA,NO APLICA,MOTO,HONDA,GUACARI,PARTICULAR,NO APLICA
HERIDOS,01/06/2022 12:00:00 AM,"2,022",1899-12-31T07:50:00.000,MAÑANA,JUEVES,BARRIO NUEVO,CARRERA 33 CALLE 26,URBANA,TECNICO,3.53008,-76.29675,DESOBEDESER SEÑAL,112,MOTOCICLISTA,CHOQUE,43,MASCULINO,LESIONADO,PALMIRA,MOTO,HERO,FLORIDA,PARTICULAR,NO APLICA
HERIDOS,01/06/2022 12:00:00 AM,"2,022",1899-12-31T07:50:00.000,MAÑANA,JUEVES,BARRIO NUEVO,CARRERA 33 CALLE 26,URBANA,TECNICO,3.53008,-76.29675,DESOBEDESER SEÑAL,112,MOTOCICLISTA,CHOQUE,48,MASCULINO,LESIONADO,PALMIRA,MOTO,BAJAJ,CALI,PARTICULAR,NO APLICA
HERIDOS,01/06/2022 12:00:00 AM,"2,022",1899-12-31T07:50:00.000,MAÑANA,JUEVES,BARRIO NUEVO,CARRERA 33 CALLE 26,URBANA,TECNICO,3.53008,-76.29675,DESOBEDESER SEÑAL,112,ACOMPAÑANTE MOTOCICLISTA,CHOQUE,51,FEMENINA,LESIONADO,PALMIRA,NO APLICA,NO APLICA,NO APLICA,NO APLICA,NO APLICA
HERIDOS,01/06/2022 12:00:00 AM,"2,022",1899-12-31T07:50:00.000,MAÑANA,JUEVES,BARRIO NUEVO,CARRERA 33 CALLE 26,URBANA,TECNICO,3.53008,-76.29675,DESOBEDESER SEÑAL,112,ACOMPAÑANTE MOTOCICLISTA,CHOQUE,25,FEMENINA,LESIONADO,PALMIRA,NO APLICA,NO APLICA,NO APLICA,NO APLICA,NO APLICA
DAÑOS,01/06/2022 12:00:00 AM,"2,022",1899-12-31T17:45:00.000,TARDE,JUEVES,INDUSTRIA,CALLE 42 CARRERA 37--35,URBANA,TECNICO,3.53889,-76.30849,CAMBIO DE CARRIL CON O SIN INDICACION,157,NO APLICA,CHOQUE,38,MASCULINO,NO APLICA,NO APLICA,AUTOMOVIL,FIAT,CALI,PARTICULAR,NO APLICA
DAÑOS,01/06/2022 12:00:00 AM,"2,022",1899-12-31T17:45:00.000,TARDE,JUEVES,INDUSTRIA,CALLE 42 CARRERA 37--35,URBANA,TECNICO,3.53889,-76.30849,CAMBIO DE CARRIL CON O SIN INDICACION,157,NO APLICA,CHOQUE,50,MASCULINO,NO APLICA,NO APLICA,AUTOMOVIL,SUZUKI,PALMIRA,PUBLICO,VILLA DE LAS PALMAS
DAÑOS,01/07/2022 12:00:00 AM,"2,022",1899-12-31T14:50:00.000,TARDE,VIERNES,CENTRO,CALLE 29 CARRERA 31,URBANA,TECNICO,3.52651,-76.30183,SEMAFORO EN ROJO,142,NO APLICA,CHOQUE,26,MASCULINO,NO APLICA,NO APLICA,AUTOMOVIL,VOLKWAGEN,CALI,PARTICULAR,NO APLICA
DAÑOS,01/07/2022 12:00:00 AM,"2,022",1899-12-31T14:50:00.000,TARDE,VIERNES,CENTRO,CALLE 29 CARRERA 31,URBANA,TECNICO,3.52651,-76.30183,SEMAFORO EN ROJO,142,NO APLICA,CHOQUE,75,MASCULINO,NO APLICA,NO APLICA,AUTOMOVIL,KIA,PALMIRA,PARTICULAR,NO APLICA
DAÑOS,01/07/2022 12:00:00 AM,"2,022",1899-12-31T16:00:00.000,TARDE,VIERNES,INDUSTRIA,CALLE 42 CARRERA 35,URBANA,TECNICO,3.53897,-76.30649,NO ESTAR PENDIENTE DE LA VIA,157,NO APLICA,CHOQUE,57,MASCULINO,NO APLICA,NO APLICA,AUTOMOVIL,JAC,PALMIRA,PUBLICO,PALMERAS
DAÑOS,01/07/2022 12:00:00 AM,"2,022",1899-12-31T16:00:00.000,TARDE,VIERNES,INDUSTRIA,CALLE 42 CARRERA 35,URBANA,TECNICO,3.53897,-76.30649,NO ESTAR PENDIENTE DE LA VIA,157,NO APLICA,CHOQUE,26,MASCULINO,NO APLICA,NO APLICA,MOTO,AKT,CALI,PARTICULAR,NO APLICA
DAÑOS,01/07/2022 12:00:00 AM,"2,022",1899-12-31T18:30:00.000,NOCHE,VIERNES,PRADO,CALLE 35 CARRERA 44,URBANA,TECNICO,3.53219,-76.3149,DESOBEDESER SEÑAL,112,NO APLICA,CHOQUE,28,FEMENINA,NO APLICA,NO APLICA,CAMIONETA,MAZDA,CALI,PARTICULAR,NO APLICA
DAÑOS,01/07/2022 12:00:00 AM,"2,022",1899-12-31T18:30:00.000,NOCHE,VIERNES,PRADO,CALLE 35 CARRERA 44,URBANA,TECNICO,3.53219,-76.3149,DESOBEDESER SEÑAL,112,NO APLICA,CHOQUE,23,MASCULINO,NO APLICA,NO APLICA,AUTOMOVIL,CHEVROLET,CIRCASIA,PARTICULAR,NO APLICA
DAÑOS,01/08/2022 12:00:00 AM,"2,022",1899-12-31T10:50:00.000,MAÑANA,SABADO,DELICIAS,CALLE 26 CARRERA 26-21,URBANA,TECNICO,3.52348,-76.29837,ABRIR LA PUERTA,157,NO APLICA,CHOQUE,27,MASCULINO,NO APLICA,NO APLICA,AUTOMOVIL,CHEVROLET,CALI,PARTICULAR,NO APLICA
DAÑOS,01/08/2022 12:00:00 AM,"2,022",1899-12-31T10:50:00.000,MAÑANA,SABADO,DELICIAS,CALLE 26 CARRERA 26-21,URBANA,TECNICO,3.52348,-76.29837,ABRIR LA PUERTA,157,NO APLICA,CHOQUE,41,MASCULINO,NO APLICA,NO APLICA,AUTOMOVIL,KIA,PALMIRA,PUBLICO,NO APLICA
DAÑOS,01/09/2022 12:00:00 AM,"2,022",1899-12-31T00:30:00.000,MADRUGADA,DOMINGO,COLOMBIA,CALLE 35 CARRERA 29,URBANA,TECNICO,3.53208,-76.29902,DESOBEDESER SEÑAL,112,NO APLICA,CHOQUE,35,MASCULINO,NO APLICA,NO APLICA,CAMIONETA,KIA,POPAYAN,PARTICULAR,NO APLICA
DAÑOS,01/09/2022 12:00:00 AM,"2,022",1899-12-31T00:30:00.000,MADRUGADA,DOMINGO,COLOMBIA,CALLE 35 CARRERA 29,URBANA,TECNICO,3.53208,-76.29902,DESOBEDESER SEÑAL,112,NO APLICA,CHOQUE,36,MASCULINO,NO APLICA,NO APLICA,AUTOMOVIL,CHEVROLET,PASTO,PARTICULAR,NO APLICA
DAÑOS,01/11/2022 12:00:00 AM,"2,022",1899-12-31T11:40:00.000,MAÑANA,MARTES,VERSALLES,CALLE 42 CARRERA 28,URBANA,TECNICO,3.53787,-76.29704,GIRAR REPENTINAMENTE,122,NO APLICA,CHOQUE,30,MASCULINO,NO APLICA,NO APLICA,MOTO,SUZUKI,GUACARI,PARTICULAR,NO APLICA
DAÑOS,01/11/2022 12:00:00 AM,"2,022",1899-12-31T11:40:00.000,MAÑANA,MARTES,VERSALLES,CALLE 42 CARRERA 28,URBANA,TECNICO,3.53787,-76.29704,GIRAR REPENTINAMENTE,122,NO APLICA,CHOQUE,57,MASCULINO,NO APLICA,NO APLICA,AUTOMOVIL,HYUNDAI,PALMIRA,PARTICULAR,NO APLICA
DAÑOS,01/10/2022 12:00:00 AM,"2,022",1899-12-31T15:00:00.000,TARDE,LUNES,BARRIO NUEVO,CALLLE 27 CARRERA 32,URBANA,TECNICO,3.52495,-76.3029,GIRAR REPENTINAMENTE,122,NO APLICA,CHOQUE,29,MASCULINO,NO APLICA,NO APLICA,MOTO,HONDA,PALMIRA,PARTICULAR,NO APLICA
DAÑOS,01/10/2022 12:00:00 AM,"2,022",1899-12-31T15:00:00.000,TARDE,LUNES,BARRIO NUEVO,CALLLE 27 CARRERA 32,URBANA,TECNICO,3.52495,-76.3029,GIRAR REPENTINAMENTE,122,NO APLICA,CHOQUE,58,MASCULINO,NO APLICA,NO APLICA,BUS,HINO,PALMIRA,PARTICULAR,NO APLICA
DAÑOS,01/10/2022 12:00:00 AM,"2,022",1899-12-31T17:40:00.000,TARDE,LUNES,CENTRO,CALLE 30 CARRERA 33,URBANA,TECNICO,3.52755,-76.30334,DESOBEDESER SEÑAL,112,NO APLICA,CHOQUE,45,MASCULINO,NO APLICA,NO APLICA,AUTOMOVIL,KIA,PALMIRA,PUBLICO,UNION TAXIS
DAÑOS,01/10/2022 12:00:00 AM,"2,022",1899-12-31T17:40:00.000,TARDE,LUNES,CENTRO,CALLE 30 CARRERA 33,URBANA,TECNICO,3.52755,-76.30334,DESOBEDESER SEÑAL,112,NO APLICA,CHOQUE,59,MASCULINO,NO APLICA,NO APLICA,CAMIONETA,CHEVROLET,CALI,PARTICULAR,NO APLICA
DAÑOS,01/12/2022 12:00:00 AM,"2,022",1899-12-31T10:40:00.000,MAÑANA,MIERCOLES,VIA PALMIRA GUAYABAL,KM 1,RURAL,TECNICO,3.54453,-76.26754,ARRANCAR SIN PRECAUCION,145,NO APLICA,CHOQUE,56,MASCULINO,NO APLICA,NO APLICA,CAMION,CHEVROLET,GUACARI,OFICIAL,NO APLICA
DAÑOS,01/12/2022 12:00:00 AM,"2,022",1899-12-31T10:40:00.000,MAÑANA,MIERCOLES,VIA PALMIRA GUAYABAL,KM 1,RURAL,TECNICO,3.54453,-76.26754,ARRANCAR SIN PRECAUCION,145,NO APLICA,CHOQUE,76,FEMENINA,NO APLICA,NO APLICA,AUTOMOVIL,CHEVROLET,BOGOTA,PARTICULAR,NO APLICA
HERIDOS,01/12/2022 12:00:00 AM,"2,022",1899-12-31T10:30:00.000,MAÑANA,MIERCOLES,BARRIO NUEVO,CARRERA 31 CALLE 20,URBANA,TECNICO,3.51893,-76.30311,DESOBEDESER SEÑAL,112,NO APLICA,CHOQUE,23,MASCULINO,NO APLICA,NO APLICA,MOTO,HONDA,PALMIRA,PARTICULAR,NO APLICA
HERIDOS,01/12/2022 12:00:00 AM,"2,022",1899-12-31T10:30:00.000,MAÑANA,MIERCOLES,BARRIO NUEVO,CARRERA 31 CALLE 20,URBANA,TECNICO,3.51893,-76.30311,DESOBEDESER SEÑAL,112,NO APLICA,CHOQUE,22,FEMENINA,NO APLICA,NO APLICA,AUTOMOVIL,RENAULT,CALI,PARTICULAR,NO APLICA
HERIDOS,01/12/2022 12:00:00 AM,"2,022",1899-12-31T10:30:00.000,MAÑANA,MIERCOLES,BARRIO NUEVO,CARRERA 31 CALLE 20,URBANA,TECNICO,3.51893,-76.30311,DESOBEDESER SEÑAL,112,ACOMPAÑANTE MOTOCICLISTA,CHOQUE,53,FEMENINA,LESIONADO,PALMIRA,NO APLICA,NO APLICA,NO APLICA,NO APLICA,NO APLICA
DAÑOS,01/12/2022 12:00:00 AM,"2,022",1899-12-31T13:00:00.000,TARDE,MIERCOLES,CENTRO,CALLE 31 CARRERA 24-25,URBANA,TECNICO,3.5276,-76.29589,NO MANTENER DISTANCIA SEGURIDAD,121,NO APLICA,CHOQUE,43,MASCULINO,NO APLICA,NO APLICA,CAMPERO,CHEVROLET,CARTAGO,PARTICULAR,NO APLICA
DAÑOS,01/12/2022 12:00:00 AM,"2,022",1899-12-31T13:00:00.000,TARDE,MIERCOLES,CENTRO,CALLE 31 CARRERA 24-25,URBANA,TECNICO,3.5276,-76.29589,NO MANTENER DISTANCIA SEGURIDAD,121,NO APLICA,CHOQUE,24,MASCULINO,NO APLICA,NO APLICA,AUTOMOVIL,RENAULT,CALI,PARTICULAR,NO APLICA
DAÑOS,01/13/2022 12:00:00 AM,"2,022",1899-12-31T07:00:00.000,MAÑANA,JUEVES,SANTA RITA,CALLE 33 CARRERA 26,URBANA,TECNICO,3.53007,-76.29675,DESOBEDESER SEÑAL,112,NO APLICA,CHOQUE,52,MASCULINO,NO APLICA,NO APLICA,CAMIONETA,NISSAN,BARRANQUILLA,PARTICULAR,NO APLICA
DAÑOS,01/13/2022 12:00:00 AM,"2,022",1899-12-31T07:00:00.000,MAÑANA,JUEVES,SANTA RITA,CALLE 33 CARRERA 26,URBANA,TECNICO,3.53007,-76.29675,DESOBEDESER SEÑAL,112,NO APLICA,CHOQUE,47,MASCULINO,NO APLICA,NO APLICA,AUTOMOVIL,RENAULT,BOGOTA,PARTICULAR,NO APLICA
DAÑOS,01/13/2022 12:00:00 AM,"2,022",1899-12-31T11:30:00.000,MAÑANA,JUEVES,RINCON DEL BOSQUE,CALLE 31 CARRERA 9,URBANA,TECNICO,3.52592,-76.28334,DESOBEDESER SEÑAL,112,NO APLICA,CHOQUE,30,MASCULINO,NO APLICA,NO APLICA,MOTO,YAMAHA,PRADERA,PARTICULAR,NO APLICA
DAÑOS,01/13/2022 12:00:00 AM,"2,022",1899-12-31T11:30:00.000,MAÑANA,JUEVES,RINCON DEL BOSQUE,CALLE 31 CARRERA 9,URBANA,TECNICO,3.52592,-76.28334,DESOBEDESER SEÑAL,112,NO APLICA,CHOQUE,40,FEMENINA,NO APLICA,NO APLICA,AUTOMOVIL,RENAULT,PALMIRA,PARTICULAR,NO APLICA
DAÑOS,01/13/2022 12:00:00 AM,"2,022",1899-12-31T15:45:00.000,TARDE,JUEVES,SANTA BARBARA,CARRERA 35 CALLE 31-42,URBANA,TECNICO,3.52903,-76.30572,NO MANTENER DISTANCIA SEGURIDAD,121,NO APLICA,CHOQUE,55,MASCULINO,NO APLICA,NO APLICA,AUTOMOVIL,CHEVROLET,PALMIRA,PARTICULAR,NO APLICA
DAÑOS,01/13/2022 12:00:00 AM,"2,022",1899-12-31T15:45:00.000,TARDE,JUEVES,SANTA BARBARA,CARRERA 35 CALLE 31-42,URBANA,TECNICO,3.52903,-76.30572,NO MANTENER DISTANCIA SEGURIDAD,121,NO APLICA,CHOQUE,53,MASCULINO,NO APLICA,NO APLICA,AUTOMOVIL,HYUNDAI,PALMIRA,PUBLICO,COOTRANSPAL
DAÑOS,01/13/2022 12:00:00 AM,"2,022",1899-12-31T15:45:00.000,TARDE,JUEVES,SANTA BARBARA,CARRERA 35 CALLE 31-42,URBANA,TECNICO,3.52903,-76.30572,NO MANTENER DISTANCIA SEGURIDAD,121,NO APLICA,CHOQUE,34,MASCULINO,NO APLICA,NO APLICA,AUTOMOVIL,CHEVROLET,BOGOTA,PARTICULAR,NO APLICA
HERIDOS,01/14/2022 12:00:00 AM,"2,022",1899-12-31T20:45:00.000,NOCHE,VIERNES,MUNICIPAL,CARRERA 1 CALLE 30,URBANA,TECNICO,3.52506,-76.27812,NO RESPETAR PRELACION,132,CICLISTA,CHOQUE,18,MASCULINO,LESIONADO,PALMIRA,BICICLETA,NO APLICA,NO APLICA,PARTICULAR,NO APLICA