CLASE ACCIDENTE,FECHA,AÑO,HORA,JORNADA,DIA_SEMANA,BARRIOS-CORREGIMIENTO- VIA,DIRECCION,ZONA,AUTORIDAD,LAT,LONG,HIPOTESIS,CODIGO,CONDICION DE LA VICTIMA,GRAVEDAD,EDAD,GENERO,LESIONADOS Y MUERTOS,CLINICA,CLASE VEHICULO,MARCA,MATRICULA,TIPO DE SERVICIO,EMPRESA
HERIDOS,01/23/2022 12:00:00 AM,"2,022",1899-12-31T11:14:00.000,MAÑANA,DOMINGO,AMERICAS,CARRERA 24 CALLE 20,URBANA,TECNICO,3.51828,-76.29589,GIRAR REPENTINAMENTE,122,NO APLICA,CHOQUE,40,MASCULINO,NO APLICA,NO APLICA,AUTOMOVIL,CHEVROLET,CALI,PARTICULAR,NO APLICA
HERIDOS,01/23/2022 12:00:00 AM,"2,022",1899-12-31T21:40:00.000,NOCHE,DOMINGO,JARDIN,CARRERA 1 CALLE 33,URBANA,TECNICO,3.5285,-76.27733,NO RESPETAR PRELACION,132,MOTOCICLISTA,CHOQUE,43,FEMENINA,LESIONADO,RAUL,MOTO,AKT,PRADERA,PARTICULAR,NO APLICA
HERIDOS,01/23/2022 12:00:00 AM,"2,022",1899-12-31T21:40:00.000,NOCHE,DOMINGO,JARDIN,CARRERA 1 CALLE 33,URBANA,TECNICO,3.5285,-76.27733,NO RESPETAR PRELACION,132,MOTOCICLISTA,CHOQUE,27,MASCULINO,LESIONADO,RAUL,MOTO,HONDA,PALMIRA,PARTICULAR,NO APLICA
HERIDOS,01/23/2022 12:00:00 AM,"2,022",1899-12-31T21:40:00.000,NOCHE,DOMINGO,JARDIN,CARRERA 1 CALLE 33,URBANA,TECNICO,3.5285,-76.27733,NO RESPETAR PRELACION,132,NO APLICA,CHOQUE,33,MASCULINO,NO APLICA,NO APLICA,AUTOMOVIL,NISSAN,CALI,PARTICULAR,NO APLICA
HERIDOS,01/24/2022 12:00:00 AM,"2,022",1899-12-31T12:14:00.000,TARDE,LUNES,RECREO,CARRERA 26 CALLE 22,URBANA,TECNICO,3.52005,-76.29834,CRUZAR SIN OBSERVAR,409,MOTOCICLISTA,ATROPELLO,19,MASCULINO,LESIONADO,PALMA,MOTO,HONDA,YUMBO,PARTICULAR,NO APLICA
HERIDOS,01/24/2022 12:00:00 AM,"2,022",1899-12-31T12:14:00.000,TARDE,LUNES,RECREO,CARRERA 26 CALLE 22,URBANA,TECNICO,3.52005,-76.29834,CRUZAR SIN OBSERVAR,409,PEATON,ATROPELLO,42,FEMENINA,LESIONADO,PALMA,NO APLICA,NO APLICA,NO APLICA,NO APLICA,NO APLICA
DAÑOS,01/24/2022 12:00:00 AM,"2,022",1899-12-31T13:07:00.000,TARDE,LUNES,RECREO,CALLE 22 CARRERA 26,URBANA,TECNICO,3.52005,-76.29834,DESOBEDESER SEÑAL,112,NO APLICA,CHOQUE,61,MASCULINO,NO APLICA,NO APLICA,AUTOMOVIL,KIA,PALMIRA,PUBLICO,FLOTA PALMIRA
DAÑOS,01/24/2022 12:00:00 AM,"2,022",1899-12-31T13:07:00.000,TARDE,LUNES,RECREO,CALLE 22 CARRERA 26,URBANA,TECNICO,3.52005,-76.29834,DESOBEDESER SEÑAL,112,NO APLICA,CHOQUE,56,MASCULINO,NO APLICA,NO APLICA,MOTO,SUZUKI,PRADERA,PARTICULAR,NO APLICA
HERIDOS,01/24/2022 12:00:00 AM,"2,022",1899-12-31T13:10:00.000,TARDE,LUNES,CHAPINERO,CARRERA 30 CALLE 13,URBANA,TECNICO,3.5128,-76.30266,DESOBEDESER SEÑAL,112,MOTOCICLISTA,CHOQUE,32,MASCULINO,LESIONADO,PALMA,MOTO,SUZUKI,CALI,PARTICULAR,NO APLICA
HERIDOS,01/24/2022 12:00:00 AM,"2,022",1899-12-31T13:10:00.000,TARDE,LUNES,CHAPINERO,CARRERA 30 CALLE 13,URBANA,TECNICO,3.5128,-76.30266,DESOBEDESER SEÑAL,112,MOTOCICLISTA,CHOQUE,64,MASCULINO,LESIONADO,PALMA,MOTO,HONDA,PRADERA,PARTICULAR,NO APLICA
HERIDOS,01/24/2022 12:00:00 AM,"2,022",1899-12-31T11:20:00.000,MAÑANA,LUNES,AMERICAS,CALLE 18 CARRERA 24,URBANA,TECNICO,3.51684,-76.29586,SEMAFORO EN ROJO,142,MOTOCICLISTA,CHOQUE,24,FEMENINA,LESIONADO,FRACTURAS,MOTO,YAMAHA,PRADERA,PARTICULAR,NO APLICA
HERIDOS,01/24/2022 12:00:00 AM,"2,022",1899-12-31T11:20:00.000,MAÑANA,LUNES,AMERICAS,CALLE 18 CARRERA 24,URBANA,TECNICO,3.51684,-76.29586,SEMAFORO EN ROJO,142,NO APLICA,CHOQUE,49,MASCULINO,NO APLICA,NO APLICA,MOTO,HONDA,GUACARI,PARTICULAR,NO APLICA
DAÑOS,01/24/2022 12:00:00 AM,"2,022",1899-12-31T18:00:00.000,NOCHE,LUNES,MERCEDES,CALLE 55 CARRERA 26,URBANA,TECNICO,3.54695,-76.29117,FRENAR BRUSCAMENTE,119,NO APLICA,CHOQUE,32,MASCULINO,NO APLICA,NO APLICA,MOTO,VICTORY,CALI,PARTICULAR,NO APLICA
DAÑOS,01/24/2022 12:00:00 AM,"2,022",1899-12-31T18:00:00.000,NOCHE,LUNES,MERCEDES,CALLE 55 CARRERA 26,URBANA,TECNICO,3.54695,-76.29117,FRENAR BRUSCAMENTE,119,NO APLICA,CHOQUE,23,MASCULINO,NO APLICA,NO APLICA,CAMIONETA,VOLVO,GUACARI,PARTICULAR,NO APLICA
DAÑOS,01/26/2022 12:00:00 AM,"2,022",1899-12-31T08:20:00.000,MAÑANA,MIERCOLES,CENTRO,CALLE 31 CARRERA 24,URBANA,TECNICO,3.52755,-76.29544,SEMAFOROS CON DAÑOS,157,NO APLICA,CHOQUE,74,MASCULINO,NO APLICA,NO APLICA,AUTOMOVIL,CHEVROLET,PALMIRA,PARTICULAR,NO APLICA
DAÑOS,01/26/2022 12:00:00 AM,"2,022",1899-12-31T08:20:00.000,MAÑANA,MIERCOLES,CENTRO,CALLE 31 CARRERA 24,URBANA,TECNICO,3.52755,-76.29544,SEMAFOROS CON DAÑOS,157,NO APLICA,CHOQUE,21,MASCULINO,NO APLICA,NO APLICA,MOTO,YAMAHA,PRADERA,PARTICULAR,NO APLICA
HERIDOS,01/26/2022 12:00:00 AM,"2,022",1899-12-31T13:10:00.000,TARDE,MIERCOLES,COLOMBIA,CARRERA 33 CALLE 35,URBANA,TECNICO,3.53265,-76.30289,DESOBEDESER SEÑAL,157,NO APLICA,CHOQUE,39,MASCULINO,NO APLICA,NO APLICA,AUTOMOVIL,MAZDA,CALI,PARTICULAR,NO APLICA
HERIDOS,01/26/2022 12:00:00 AM,"2,022",1899-12-31T13:10:00.000,TARDE,MIERCOLES,COLOMBIA,CARRERA 33 CALLE 35,URBANA,TECNICO,3.53265,-76.30289,DESOBEDESER SEÑAL,157,MOTOCICLISTA,CHOQUE,30,MASCULINO,LESIONADO,PALMIRA,MOTO,HONDA,GINEBRA,PARTICULAR,NO APLICA
DAÑOS,01/25/2022 12:00:00 AM,"2,022",1899-12-31T16:00:00.000,TARDE,MARTES,ESTONIA,CALLE 42 CARRERA 32B,URBANA,TECNICO,3.53845,-76.30179,NO ESTAR PENDIENTE DE LA VIA,157,NO APLICA,CHOQUE,36,MASCULINO,NO APLICA,NO APLICA,CAMIONETA,RENAULT,FLORIDA,PARTICULAR,NO APLICA
DAÑOS,01/25/2022 12:00:00 AM,"2,022",1899-12-31T16:00:00.000,TARDE,MARTES,ESTONIA,CALLE 42 CARRERA 32B,URBANA,TECNICO,3.53845,-76.30179,NO ESTAR PENDIENTE DE LA VIA,157,NO APLICA,CHOQUE,41,MASCULINO,NO APLICA,NO APLICA,BUS,HINO,CALI,PUBLICO,NO APLICA
HERIDOS,01/25/2022 12:00:00 AM,"2,022",1899-12-31T17:50:00.000,TARDE,MARTES,TREBOL,CALLE 26 CARRERA 21,URBANA,TECNICO,3.52255,-76.29344,DESOBEDESER SEÑAL,112,NO APLICA,CHOQUE,23,FEMENINA,NO APLICA,NO APLICA,AUTOMOVIL,CHEVROLET,CALI,PARTICULAR,NO APLICA
HERIDOS,01/25/2022 12:00:00 AM,"2,022",1899-12-31T17:50:00.000,TARDE,MARTES,TREBOL,CALLE 26 CARRERA 21,URBANA,TECNICO,3.52255,-76.29344,DESOBEDESER SEÑAL,112,MOTOCICLISTA,CHOQUE,16,MASCULINO,LESIONADO,PALMIRA,MOTO,DAYOHN,GUACARI,PARTICULAR,NO APLICA
HERIDOS,01/27/2022 12:00:00 AM,"2,022",1899-12-31T06:30:00.000,MAÑANA,JUEVES,TRINIDAD,CALLE 28 CARRERA 24,URBANA,TECNICO,3.52152,-76.2959,NO ESTAR PENDIENTE DE LA VIA,157,NO APLICA,CHOQUE,34,MASCULINO,NO APLICA,NO APLICA,CAMION,CHEVROLET,FUNZA,PUBLICO,NO APLICA
MUERTO,01/27/2022 12:00:00 AM,"2,022",1899-12-31T06:30:00.000,MAÑANA,JUEVES,TRINIDAD,CALLE 28 CARRERA 24,URBANA,TECNICO,3.52152,-76.2959,NO ESTAR PENDIENTE DE LA VIA,157,CICLISTA,CHOQUE,71,MASCULINO,MUERTO,PALMIRA,BICICLETA,NO APLICA,NO APLICA,PARTICULAR,NO APLICA
DAÑOS,01/26/2022 12:00:00 AM,"2,022",1899-12-31T15:45:00.000,TARDE,MIERCOLES,VERSALLES,CALLE 42 CARRERA 28,URBANA,TECNICO,3.53786,-76.29728,ADELANTAR CERRANDO,103,NO APLICA,CHOQUE,66,MASCULINO,NO APLICA,NO APLICA,CAMION,INTERNATIONAL,CALI,PUBLICO,NO APLICA
DAÑOS,01/26/2022 12:00:00 AM,"2,022",1899-12-31T15:45:00.000,TARDE,MIERCOLES,VERSALLES,CALLE 42 CARRERA 28,URBANA,TECNICO,3.53786,-76.29728,ADELANTAR CERRANDO,103,NO APLICA,CHOQUE,56,MASCULINO,NO APLICA,NO APLICA,AUTOMOVIL,CHEVROLET,CALI,PARTICULAR,NO APLICA
HERIDOS,01/26/2022 12:00:00 AM,"2,022",1899-12-31T15:30:00.000,TARDE,MIERCOLES,SAN PEDRO,CARRERA 19 CALLE 37,URBANA,TECNICO,3.53276,-76.2905,GIRAR EN U,146,MOTOCICLISTA,CHOQUE,51,MASCULINO,LESIONADO,FRACTURAS,MOTO,VICTORY,FLORIDA,PARTICULAR,NO APLICA
HERIDOS,01/26/2022 12:00:00 AM,"2,022",1899-12-31T15:30:00.000,TARDE,MIERCOLES,SAN PEDRO,CARRERA 19 CALLE 37,URBANA,TECNICO,3.53276,-76.2905,GIRAR EN U,146,NO APLICA,CHOQUE,28,MASCULINO,NO APLICA,NO APLICA,AUTOMOVIL,CHEVROLET,CALI,PARTICULAR,NO APLICA
HERIDOS,01/26/2022 12:00:00 AM,"2,022",1899-12-31T22:10:00.000,NOCHE,MIERCOLES,MUNICIPAL,CARRERA 1 CALLE 31A-32,URBANA,TECNICO,3.52573,-76.27796,ADELANTAR ZONA PROHIBIDAD,102,MOTOCICLISTA,CHOQUE,28,MASCULINO,LESIONADO,PALMIRA,MOTO,HONDA,FLORIDA,PARTICULAR,NO APLICA
HERIDOS,01/26/2022 12:00:00 AM,"2,022",1899-12-31T22:10:00.000,NOCHE,MIERCOLES,MUNICIPAL,CARRERA 1 CALLE 31A-32,URBANA,TECNICO,3.52573,-76.27796,ADELANTAR ZONA PROHIBIDAD,102,MOTOCICLISTA,CHOQUE,23,MASCULINO,LESIONADO,PALMIRA,MOTO,AUTECO,GUAVIARES,PARTICULAR,NO APLICA
HERIDOS,01/27/2022 12:00:00 AM,"2,022",1899-12-31T17:00:00.000,TARDE,JUEVES,BIZERTA,CALLE 36 CARRERA 21,URBANA,TECNICO,3.53202,-76.29231,DESOBEDESER SEÑAL,112,NO APLICA,CHOQUE,43,MASCULINO,NO APLICA,NO APLICA,MOTO,HONDA,GUACARI,PARTICULAR,NO APLICA
HERIDOS,01/27/2022 12:00:00 AM,"2,022",1899-12-31T17:00:00.000,TARDE,JUEVES,BIZERTA,CALLE 36 CARRERA 21,URBANA,TECNICO,3.53202,-76.29231,DESOBEDESER SEÑAL,112,MOTOCICLISTA,CHOQUE,23,MASCULINO,LESIONADO,PALMIRA,MOTO,SUZUKI,TULUA,PARTICULAR,NO APLICA
HERIDOS,01/28/2022 12:00:00 AM,"2,022",1899-12-31T11:00:00.000,MAÑANA,VIERNES,SAN PEDRO,CARRERA 19 CALLE 39,URBANA,TECNICO,3.53465,-76.29056,GIRAR BRUSCAMENTE,122,NO APLICA,CHOQUE,22,MASCULINO,NO APLICA,NO APLICA,AUTOMOVIL,KIA,PALMIRA,PUBLICO,PALMERAS
HERIDOS,01/28/2022 12:00:00 AM,"2,022",1899-12-31T11:00:00.000,MAÑANA,VIERNES,SAN PEDRO,CARRERA 19 CALLE 39,URBANA,TECNICO,3.53465,-76.29056,GIRAR BRUSCAMENTE,122,MOTOCICLISTA,CHOQUE,27,MASCULINO,LESIONADO,PALMIRA,MOTO,YAMAHA,GUACARI,PARTICULAR,NO APLICA
DAÑOS,01/28/2022 12:00:00 AM,"2,022",1899-12-31T13:24:00.000,TARDE,VIERNES,VERSALLES,CALLE 42 CARRERA 28,URBANA,TECNICO,3.53808,-76.29706,SEMAFORO EN ROJO,142,NO APLICA,CHOQUE,31,MASCULINO,NO APLICA,NO APLICA,MOTO,AKT,PALMIRA,PARTICULAR,NO APLICA
DAÑOS,01/28/2022 12:00:00 AM,"2,022",1899-12-31T13:24:00.000,TARDE,VIERNES,VERSALLES,CALLE 42 CARRERA 28,URBANA,TECNICO,3.53808,-76.29706,SEMAFORO EN ROJO,142,NO APLICA,CHOQUE,65,MASCULINO,NO APLICA,NO APLICA,CAMIONETA,SSANYONG,CALI,PARTICULAR,NO APLICA
HERIDOS,01/28/2022 12:00:00 AM,"2,022",1899-12-31T17:00:00.000,TARDE,VIERNES,URIBE,CALLE 33 CARRERA 21,URBANA,TECNICO,3.52946,-76.29262,DESOBEDESER SEÑAL,112,MOTOCICLISTA,CHOQUE,53,MASCULINO,LESIONADO,PALMIRA,MOTO,HONDA,FLORIDA,PARTICULAR,NO APLICA
HERIDOS,01/28/2022 12:00:00 AM,"2,022",1899-12-31T17:00:00.000,TARDE,VIERNES,URIBE,CALLE 33 CARRERA 21,URBANA,TECNICO,3.52946,-76.29262,DESOBEDESER SEÑAL,112,NO APLICA,CHOQUE,54,MASCULINO,NO APLICA,NO APLICA,CAMIONETA,CHEVROLET,CALI,PARTICULAR,NO APLICA
DAÑOS,01/28/2022 12:00:00 AM,"2,022",1899-12-31T17:30:00.000,TARDE,VIERNES,SAN PEDRO,CALLE 38 CARRERA 19-16,URBANA,TECNICO,3.5338,-76.29091,TRANSITAR CON A SPUERTAS ABIERTAS,154,NO APLICA,CHOQUE VEHICULO ESTACIONADO,37,MASCULINO,NO APLICA,NO APLICA,AUTOMOVIL,KIA,COTA,PARTICULAR,NO APLICA
DAÑOS,01/28/2022 12:00:00 AM,"2,022",1899-12-31T17:30:00.000,TARDE,VIERNES,SAN PEDRO,CALLE 38 CARRERA 19-16,URBANA,TECNICO,3.5338,-76.29091,TRANSITAR CON A SPUERTAS ABIERTAS,154,NO APLICA,CHOQUE VEHICULO ESTACIONADO,31,MASCULINO,NO APLICA,NO APLICA,CAMIONETA,CHEVROLET,CHIA,PUBLICO,NO APLICA
DAÑOS,01/28/2022 12:00:00 AM,"2,022",1899-12-31T18:00:00.000,NOCHE,VIERNES,SAN PEDRO,CARRERA 19 CALLE 35-27,URBANA,TECNICO,3.53127,-76.29048,NO ESTAR PENDIENTE DE LA VIA,157,NO APLICA,CHOQUE,30,MASCULINO,NO APLICA,NO APLICA,AUTOMOVIL,HYUNDAI,CALI,PARTICULAR,NO APLICA
DAÑOS,01/28/2022 12:00:00 AM,"2,022",1899-12-31T18:00:00.000,NOCHE,VIERNES,SAN PEDRO,CARRERA 19 CALLE 35-27,URBANA,TECNICO,3.53127,-76.29048,NO ESTAR PENDIENTE DE LA VIA,157,NO APLICA,CHOQUE,21,MASCULINO,NO APLICA,NO APLICA,MOTO,YAMAHA,FLORIDA BLANCA,PARTICULAR,NO APLICA
HERIDOS,01/29/2022 12:00:00 AM,"2,022",1899-12-31T03:40:00.000,MADRUGADA,SABADO,MIRRIÑAO,CARRERA 28 CALLE 53 -54,URBANA,TECNICO,3.54629,-76.29595,FALLAS EN EL VEHICULO,217,MOTOCICLISTA,VOLCAMIENTO,23,MASCULINO,LESIONADO,PALMA,MOTO,YAMAHA,GUACARI,PARTICULAR,NO APLICA
HERIDOS,01/29/2022 12:00:00 AM,"2,022",1899-12-31T03:40:00.000,MADRUGADA,SABADO,MIRRIÑAO,CARRERA 28 CALLE 53 -54,URBANA,TECNICO,3.54629,-76.29595,FALLAS EN EL VEHICULO,217,ACOMPAÑANTE MOTOCICLISTA,VOLCAMIENTO,18,FEMENINA,LESIONADO,PALMA,NO APLICA,NO APLICA,NO APLICA,NO APLICA,NO APLICA
DAÑOS,01/29/2022 12:00:00 AM,"2,022",1899-12-31T11:10:00.000,MAÑANA,SABADO,CENTRO,CALLE 28 CARRERA 27,URBANA,TECNICO,3.52516,-76.29843,ADELANTAR POR LA DERECHA,102,NO APLICA,CHOQUE,67,MASCULINO,NO APLICA,NO APLICA,AUTOMOVIL,HYUNDAI,PALMIRA,PUBLICO,NO APLICA
DAÑOS,01/29/2022 12:00:00 AM,"2,022",1899-12-31T11:10:00.000,MAÑANA,SABADO,CENTRO,CALLE 28 CARRERA 27,URBANA,TECNICO,3.52516,-76.29843,ADELANTAR POR LA DERECHA,102,NO APLICA,CHOQUE,27,MASCULINO,NO APLICA,NO APLICA,AUTOMOVIL,KIA,CALI,PARTICULAR,NO APLICA
DAÑOS,01/29/2022 12:00:00 AM,"2,022",1899-12-31T12:30:00.000,TARDE,SABADO,SANTA ANA,CALLE 35 CARRERA 49-50,URBANA,TECNICO,3.53211,-76.31743,NO ESTAR PENDIENTE DE LA VIA,157,NO APLICA,CHOQUE,54,MASCULINO,NO APLICA,NO APLICA,CAMIONETA,KIA,BOGOTA,PARTICULAR,NO APLICA
DAÑOS,01/29/2022 12:00:00 AM,"2,022",1899-12-31T12:30:00.000,TARDE,SABADO,SANTA ANA,CALLE 35 CARRERA 49-50,URBANA,TECNICO,3.53211,-76.31743,NO ESTAR PENDIENTE DE LA VIA,157,NO APLICA,CHOQUE,60,MASCULINO,NO APLICA,NO APLICA,CAMPERO,TOYOTA,PALMIRA,OFICIAL,NO APLICA
DAÑOS,01/29/2022 12:00:00 AM,"2,022",1899-12-31T13:30:00.000,TARDE,SABADO,ZAMORANO,CALLE 64 CARRERA 34E,URBANA,TECNICO,3.55364,-76.3046,NO MANTENER DISTANCIA SEGURIDAD,121,NO APLICA,CHOQUE,28,MASCULINO,NO APLICA,NO APLICA,MOTO,HONDA,FLORIDA,PARTICULAR,NO APLICA
DAÑOS,01/29/2022 12:00:00 AM,"2,022",1899-12-31T13:30:00.000,TARDE,SABADO,ZAMORANO,CALLE 64 CARRERA 34E,URBANA,TECNICO,3.55364,-76.3046,NO MANTENER DISTANCIA SEGURIDAD,121,NO APLICA,CHOQUE,21,FEMENINA,NO APLICA,NO APLICA,MOTO,TVS,HUILA,PARTICULAR,NO APLICA
DAÑOS,01/29/2022 12:00:00 AM,"2,022",1899-12-31T13:40:00.000,TARDE,SABADO,URIBE,CALLE 35 CARRERA 22,URBANA,TECNICO,3.53133,-76.29325,DESOBEDESER SEÑAL,112,NO APLICA,CHOQUE,23,MASCULINO,NO APLICA,NO APLICA,AUTOMOVIL,KIA,TULUA,PARTICULAR,NO APLICA
DAÑOS,01/29/2022 12:00:00 AM,"2,022",1899-12-31T13:40:00.000,TARDE,SABADO,URIBE,CALLE 35 CARRERA 22,URBANA,TECNICO,3.53133,-76.29325,DESOBEDESER SEÑAL,112,NO APLICA,CHOQUE,26,MASCULINO,NO APLICA,NO APLICA,AUTOMOVIL,CHEVROLET,PALMIRA,PARTICULAR,NO APLICA
DAÑOS,01/30/2022 12:00:00 AM,"2,022",1899-12-31T11:20:00.000,MAÑANA,DOMINGO,ESTONIA,CALLE 45 CARRERA 31-80,URBANA,TECNICO,3.5404,-76.30029,POR ESTABLECER,157,NO APLICA,CHOQUE VEHICULO ESTACIONADO,32,FEMENINA,NO APLICA,NO APLICA,AUTOMOVIL,CHEVROLET,CALI,PARTICULAR,NO APLICA
DAÑOS,01/30/2022 12:00:00 AM,"2,022",1899-12-31T19:10:00.000,NOCHE,DOMINGO,RIVERA ESCOBAR,CARRERA 35 CALLE 32A,URBANA,TECNICO,3.53036,-76.3054,PONER EN MARCHA VEHICULO SIN PRECAUCION,143,NO APLICA,CHOQUE,73,MASCULINO,NO APLICA,NO APLICA,AUTOMOVIL,RENAULT,ZIPAQUIRA,PARTICULAR,NO APLICA
DAÑOS,01/30/2022 12:00:00 AM,"2,022",1899-12-31T19:10:00.000,NOCHE,DOMINGO,RIVERA ESCOBAR,CARRERA 35 CALLE 32A,URBANA,TECNICO,3.53036,-76.3054,PONER EN MARCHA VEHICULO SIN PRECAUCION,143,NO APLICA,CHOQUE,36,MASCULINO,NO APLICA,NO APLICA,AUTOMOVIL,KIA,PALMIRA,PARTICULAR,NO APLICA
DAÑOS,01/31/2022 12:00:00 AM,"2,022",1899-12-31T16:50:00.000,TARDE,LUNES,SANTA RITA,CARRERA 28 CALLE 39-20,URBANA,TECNICO,3.53593,-76.29757,NO MANTENER DISTANCIA SEGURIDAD,121,NO APLICA,CHOQUE,57,MASCULINO,NO APLICA,NO APLICA,AUTOMOVIL,RENAULT,CALI,PARTICULAR,NO APLICA
DAÑOS,01/31/2022 12:00:00 AM,"2,022",1899-12-31T16:50:00.000,TARDE,LUNES,SANTA RITA,CARRERA 28 CALLE 39-20,URBANA,TECNICO,3.53593,-76.29757,NO MANTENER DISTANCIA SEGURIDAD,121,NO APLICA,CHOQUE,20,FEMENINA,NO APLICA,NO APLICA,MOTO,VICTORY,FLORIDA,PARTICULAR,NO APLICA
DAÑOS,01/31/2022 12:00:00 AM,"2,022",1899-12-31T16:50:00.000,TARDE,LUNES,INDUSTRIA,CALLE 42 CARRERA 35,URBANA,TECNICO,3.53898,-76.30646,NO RESPETAR PRELACION,132,NO APLICA,CHOQUE,27,MASCULINO,NO APLICA,NO APLICA,CAMIONETA,NISSAN,BOGOTA,PARTICULAR,NO APLICA
DAÑOS,01/31/2022 12:00:00 AM,"2,022",1899-12-31T16:50:00.000,TARDE,LUNES,INDUSTRIA,CALLE 42 CARRERA 35,URBANA,TECNICO,3.53898,-76.30646,NO RESPETAR PRELACION,132,NO APLICA,CHOQUE,43,MASCULINO,NO APLICA,NO APLICA,AUTOMOVIL,KIA,PALMIRA,PUBLICO,COOTRANSPAL
DAÑOS,02/01/2022 12:00:00 AM,"2,022",1899-12-31T12:30:00.000,TARDE,MARTES,INDUSTRIA,CALLE 42 CARRERA35,URBANA,TECNICO,3.53873,-76.30612,ARRANCAR SIN PRECAUCION,145,NO APLICA,CHOQUE,34,MASCULINO,NO APLICA,NO APLICA,CAMIONETA,KIA,CALI,PARTICULAR,NO APLICA
DAÑOS,02/01/2022 12:00:00 AM,"2,022",1899-12-31T12:30:00.000,TARDE,MARTES,INDUSTRIA,CALLE 42 CARRERA35,URBANA,TECNICO,3.53873,-76.30612,ARRANCAR SIN PRECAUCION,145,NO APLICA,CHOQUE,56,MASCULINO,NO APLICA,NO APLICA,MAQUINARIA,KAMATSU,PALMIRA,PARTICULAR,NO APLICA
DAÑOS,02/02/2022 12:00:00 AM,"2,022",1899-12-31T07:30:00.000,MAÑANA,MIERCOLES,FRAY LUIS,CALLE 42 CARRERA 49,URBANA,TECNICO,3.53698,-76.31985,TRANSITAR EN CONTRA VIA,127,NO APLICA,CHOQUE,60,MASCULINO,NO APLICA,NO APLICA,CAMIONETA,RENAULT,PALMIRA,PARTICULAR,NO APLICA
DAÑOS,02/02/2022 12:00:00 AM,"2,022",1899-12-31T07:30:00.000,MAÑANA,MIERCOLES,FRAY LUIS,CALLE 42 CARRERA 49,URBANA,TECNICO,3.53698,-76.31985,TRANSITAR EN CONTRA VIA,127,NO APLICA,CHOQUE,20,MASCULINO,NO APLICA,NO APLICA,MOTO,SUZUKI,CARTAGO,PARTICULAR,NO APLICA
DAÑOS,02/02/2022 12:00:00 AM,"2,022",1899-12-31T07:30:00.000,MAÑANA,MIERCOLES,URIBE,CALLE 35 CARRERA 20,URBANA,TECNICO,3.53112,-76.29156,DESOBEDESER SEÑAL,112,NO APLICA,CHOQUE,54,MASCULINO,NO APLICA,NO APLICA,AUTOMOVIL,DAEWO,JAMUNDI,PARTICULAR,NO APLICA
DAÑOS,02/02/2022 12:00:00 AM,"2,022",1899-12-31T07:30:00.000,MAÑANA,MIERCOLES,URIBE,CALLE 35 CARRERA 20,URBANA,TECNICO,3.53112,-76.29156,DESOBEDESER SEÑAL,112,NO APLICA,CHOQUE,30,MASCULINO,NO APLICA,NO APLICA,AUTOMOVIL,RENAULT,CALI,PARTICULAR,NO APLICA
DAÑOS,02/02/2022 12:00:00 AM,"2,022",1899-12-31T09:00:00.000,MAÑANA,MIERCOLES,BARRIO NUEVO,CARRERA 30 CALLE 20,URBANA,TECNICO,3.51879,-76.30223,DESOBEDESER SEÑAL,112,NO APLICA,CHOQUE,23,MASCULINO,NO APLICA,NO APLICA,MOTO,VICTORY,FLORIDA,PARTICULAR,NO APLICA
DAÑOS,02/02/2022 12:00:00 AM,"2,022",1899-12-31T09:00:00.000,MAÑANA,MIERCOLES,BARRIO NUEVO,CARRERA 30 CALLE 20,URBANA,TECNICO,3.51879,-76.30223,DESOBEDESER SEÑAL,112,NO APLICA,CHOQUE,27,MASCULINO,NO APLICA,NO APLICA,AUTOMOVIL,CHEVROLET,CALI,PARTICULAR,NO APLICA
HERIDOS,02/02/2022 12:00:00 AM,"2,022",1899-12-31T12:00:00.000,TARDE,MIERCOLES,RIVERA ESCOBAR,CALLE 31 CARRERA 34-35,URBANA,TECNICO,3.52888,-76.30521,ABRIR LA PUERTA,157,MOTOCICLISTA,CHOQUE,63,MASCULINO,LESIONADO,PALMIRA,MOTO,YAMAHA,PRADERA,PARTICULAR,NO APLICA
HERIDOS,02/02/2022 12:00:00 AM,"2,022",1899-12-31T12:00:00.000,TARDE,MIERCOLES,RIVERA ESCOBAR,CALLE 31 CARRERA 34-35,URBANA,TECNICO,3.52888,-76.30521,ABRIR LA PUERTA,157,NO APLICA,CHOQUE,31,MASCULINO,NO APLICA,NO APLICA,CAMIONETA,MAZDA,CALI,PARTICULAR,NO APLICA
HERIDOS,02/02/2022 12:00:00 AM,"2,022",1899-12-31T18:40:00.000,NOCHE,MIERCOLES,COLOMBIA,CALLE 35 CARRERA 31,URBANA,TECNICO,3.53237,-76.3008,DESOBEDESER SEÑAL,112,MOTOCICLISTA,CHOQUE,66,MASCULINO,LESIONADO,PALMIRA,MOTO,BAJAJ,GINEBRA,PARTICULAR,NO APLICA