CLASE ACCIDENTE,FECHA,AÑO,HORA,JORNADA,DIA_SEMANA,BARRIOS-CORREGIMIENTO- VIA,DIRECCION,ZONA,AUTORIDAD,LAT,LONG,HIPOTESIS,CODIGO,CONDICION DE LA VICTIMA,GRAVEDAD,EDAD,GENERO,LESIONADOS Y MUERTOS,CLINICA,CLASE VEHICULO,MARCA,MATRICULA,TIPO DE SERVICIO,EMPRESA
DAÑOS,02/21/2022 12:00:00 AM,"2,022",1899-12-31T13:40:00.000,TARDE,LUNES,INDUSTRIA,CALLE 42 CARRERA 35,URBANA,TECNICO,3.53877,-76.30604,NO RESPETAR PRELACION,123,NO APLICA,CHOQUE,35,FEMENINA,NO APLICA,NO APLICA,AUTOMOVIL,MAZDA,BELLO,PARTICULAR,NO APLICA
HERIDOS,02/21/2022 12:00:00 AM,"2,022",1899-12-31T14:10:00.000,TARDE,LUNES,JARDIN,CARRERA 1 CALLE 33B-01,URBANA,TECNICO,3.52917,-76.2773,CAMBIAR CARRIL SIN OBSERVAR,157,NO APLICA,CHOQUE,67,MASCULINO,NO APLICA,NO APLICA,AUTOMOVIL,KIA,PALMIRA,PUBLICO,PALMERAS
HERIDOS,02/21/2022 12:00:00 AM,"2,022",1899-12-31T14:10:00.000,TARDE,LUNES,JARDIN,CARRERA 1 CALLE 33B-01,URBANA,TECNICO,3.52917,-76.2773,CAMBIAR CARRIL SIN OBSERVAR,157,CICLISTA,CHOQUE,60,MASCULINO,LESIONADO,PALMIRA,BICICLETA,NO APLICA,NO APLICA,PARTICULAR,NO APLICA
HERIDOS,02/21/2022 12:00:00 AM,"2,022",1899-12-31T16:15:00.000,TARDE,LUNES,SAN PEDRO,CALLE 35 CARRERA 12-09,URBANA,TECNICO,3.53166,-76.28502,TRNSITAR POR LA CALZADA,404,MOTOCICLISTA,ATROPELLO,19,MASCULINO,LESIONADO,IPS POSITIVA,MOTO,SUZUKI,TURBO,PARTICULAR,NO APLICA
HERIDOS,02/21/2022 12:00:00 AM,"2,022",1899-12-31T16:15:00.000,TARDE,LUNES,SAN PEDRO,CALLE 35 CARRERA 12-09,URBANA,TECNICO,3.53166,-76.28502,TRNSITAR POR LA CALZADA,404,PEATON,ATROPELLO,74,FEMENINA,LESIONADO,PALMIRA,NO APLICA,NO APLICA,NO APLICA,NO APLICA,NO APLICA
HERIDOS,02/22/2022 12:00:00 AM,"2,022",1899-12-31T05:40:00.000,MADRUGADA,MARTES,RECREO,CARRERA 24 CALLE 18,URBANA,TECNICO,3.51685,-76.29586,SEMAFORO EN ROJO,142,MOTOCICLISTA,CHOQUE,16,MASCULINO,LESIONADO,PALMIRA,MOTO,AKT,PALMIRA,PARTICULAR,NO APLICA
HERIDOS,02/22/2022 12:00:00 AM,"2,022",1899-12-31T05:40:00.000,MADRUGADA,MARTES,RECREO,CARRERA 24 CALLE 18,URBANA,TECNICO,3.51685,-76.29586,SEMAFORO EN ROJO,142,NO APLICA,CHOQUE,52,MASCULINO,NO APLICA,NO APLICA,AUTOMOVIL,HYUNDAI,PALMIRA,PUBLICO,NO APLICA
HERIDOS,02/22/2022 12:00:00 AM,"2,022",1899-12-31T05:30:00.000,MADRUGADA,MARTES,PALMIRA CANDELARIA,JARDINES DEL PALMAR,URBANA,TECNICO,3.50314,-76.31631,NO MANTENER DISTANCIA SEGURIDAD,121,NO APLICA,CHOQUE,34,MASCULINO,NO APLICA,NO APLICA,CAMPERO,SUZUKI,PALMIRA,PARTICULAR,NO APLICA
HERIDOS,02/22/2022 12:00:00 AM,"2,022",1899-12-31T05:30:00.000,MADRUGADA,MARTES,PALMIRA CANDELARIA,JARDINES DEL PALMAR,URBANA,TECNICO,3.50314,-76.31631,NO MANTENER DISTANCIA SEGURIDAD,121,MOTOCICLISTA,CHOQUE,38,MASCULINO,LESIONADO,PALMIRA,MOTO,VICTORY,VILLARICA,PARTICULAR,NO APLICA
HERIDOS,02/22/2022 12:00:00 AM,"2,022",1899-12-31T10:00:00.000,MAÑANA,MARTES,CHAPINERO SUR,DIAGONAL 4 CARRERA 31A-90,URBANA,TECNICO,3.50188,-76.31075,ARRANCAR SIN PRECAUCION,145,NO APLICA,CHOQUE,23,MASCULINO,NO APLICA,NO APLICA,AUTOMOVIL,RENAULT,CALI,PARTICULAR,NO APLICA
HERIDOS,02/22/2022 12:00:00 AM,"2,022",1899-12-31T10:00:00.000,MAÑANA,MARTES,CHAPINERO SUR,DIAGONAL 4 CARRERA 31A-90,URBANA,TECNICO,3.50188,-76.31075,ARRANCAR SIN PRECAUCION,145,NO APLICA,CHOQUE,31,FEMENINA,NO APLICA,NO APLICA,CAMIONETA,ZOYTE,CHIA,PARTICULAR,NO APLICA
HERIDOS,02/22/2022 12:00:00 AM,"2,022",1899-12-31T10:00:00.000,MAÑANA,MARTES,CHAPINERO SUR,DIAGONAL 4 CARRERA 31A-90,URBANA,TECNICO,3.50188,-76.31075,ARRANCAR SIN PRECAUCION,145,MOTOCICLISTA,CHOQUE,24,FEMENINA,LESIONADO,PALMIRA,MOTO,VICTORY,PRADERA,PARTICULAR,NO APLICA
DAÑOS,02/22/2022 12:00:00 AM,"2,022",1899-12-31T17:50:00.000,TARDE,MARTES,COLOMBINA,CALLE 30 CARRERA 20,URBANA,TECNICO,3.52613,-76.29222,ARRANCAR SIN PRECAUCION,145,NO APLICA,CHOQUE,61,MASCULINO,NO APLICA,NO APLICA,CAMIONETA,MAZDA,CALI,PARTICULAR,NO APLICA
DAÑOS,02/22/2022 12:00:00 AM,"2,022",1899-12-31T17:50:00.000,TARDE,MARTES,COLOMBINA,CALLE 30 CARRERA 20,URBANA,TECNICO,3.52613,-76.29222,ARRANCAR SIN PRECAUCION,145,NO APLICA,CHOQUE,42,FEMENINA,NO APLICA,NO APLICA,MOTO,VICTORY,FLORIDA,PARTICULAR,NO APLICA
HERIDOS,02/23/2022 12:00:00 AM,"2,022",1899-12-31T05:00:00.000,MADRUGADA,MIERCOLES,CENTRO,CALLE 31 CARRERA 23,URBANA,TECNICO,3.52745,-76.29461,SEMAFORO EN ROJO,142,NO APLICA,CHOQUE,61,MASCULINO,NO APLICA,NO APLICA,BUS,HINO,GUACARI,PARTICULAR,NO APLICA
HERIDOS,02/23/2022 12:00:00 AM,"2,022",1899-12-31T05:00:00.000,MADRUGADA,MIERCOLES,CENTRO,CALLE 31 CARRERA 23,URBANA,TECNICO,3.52745,-76.29461,SEMAFORO EN ROJO,142,MOTOCICLISTA,CHOQUE,49,MASCULINO,LESIONADO,PALMIRA,MOTO,AKT,PALMIRA,PARTICULAR,NO APLICA
HERIDOS,02/23/2022 12:00:00 AM,"2,022",1899-12-31T05:00:00.000,MADRUGADA,MIERCOLES,CENTRO,CALLE 31 CARRERA 23,URBANA,TECNICO,3.52745,-76.29461,SEMAFORO EN ROJO,142,ACOMPAÑANTE MOTOCICLISTA,CHOQUE,16,MASCULINO,LESIONADO,PALMIRA,NO APLICA,NO APLICA,NO APLICA,NO APLICA,NO APLICA
DAÑOS,02/23/2022 12:00:00 AM,"2,022",1899-12-31T06:50:00.000,MAÑANA,MIERCOLES,ESTONIA,CARRERA 31 CALLE 44,URBANA,TECNICO,3.53967,-76.29995,GIRAR BRUSCAMENTE,122,NO APLICA,CHOQUE,27,MASCULINO,NO APLICA,NO APLICA,MOTO,TANGKO,GUACARI,PARTICULAR,NO APLICA
DAÑOS,02/23/2022 12:00:00 AM,"2,022",1899-12-31T06:50:00.000,MAÑANA,MIERCOLES,ESTONIA,CARRERA 31 CALLE 44,URBANA,TECNICO,3.53967,-76.29995,GIRAR BRUSCAMENTE,122,NO APLICA,CHOQUE,39,MASCULINO,NO APLICA,NO APLICA,AUTOMOVIL,RENAULT,CANDEALARIA,PARTICULAR,NO APLICA
DAÑOS,02/23/2022 12:00:00 AM,"2,022",1899-12-31T09:00:00.000,MAÑANA,MIERCOLES,ITALCO PARQUIADERO,KM 9,RURAL,TECNICO,3.51014,-76.40405,PUERTA ABIERTA,157,NO APLICA,CHOQUE PUERTA,46,MASCULINO,NO APLICA,NO APLICA,CAMION,HINO,PALMIRA,PARTICULAR,NO APLICA
DAÑOS,02/23/2022 12:00:00 AM,"2,022",1899-12-31T09:00:00.000,MAÑANA,MIERCOLES,ITALCO PARQUIADERO,KM 9,RURAL,TECNICO,3.51014,-76.40405,PUERTA ABIERTA,157,NO APLICA,CHOQUE PUERTA,55,MASCULINO,NO APLICA,NO APLICA,TRACTO CAMION,INTERNATIONAL,FACATATIVA,PUBLICO,NO APLICA
HERIDOS,02/23/2022 12:00:00 AM,"2,022",1899-12-31T14:20:00.000,TARDE,MIERCOLES,SESQUI,CARRERA 32 CALLE 10,URBANA,TECNICO,3.50973,-76.30751,PONER EN MARCHA VEHICULO SIN PRECAUCION,143,MOTOCICLISTA,CHOQUE,38,MASCULINO,LESIONADO,IPS POSITIVA,MOTO,HONDA,GUACARI,PARTICULAR,NO APLICA
HERIDOS,02/23/2022 12:00:00 AM,"2,022",1899-12-31T14:20:00.000,TARDE,MIERCOLES,SESQUI,CARRERA 32 CALLE 10,URBANA,TECNICO,3.50973,-76.30751,PONER EN MARCHA VEHICULO SIN PRECAUCION,143,NO APLICA,CHOQUE,48,MASCULINO,NO APLICA,NO APLICA,CAMION,MITSSBISHI,ANADALUCIA,PARTICULAR,NO APLICA
DAÑOS,02/23/2022 12:00:00 AM,"2,022",1899-12-31T20:40:00.000,NOCHE,MIERCOLES,COLOMBIA,CALLE 36 CARRERA 30,URBANA,TECNICO,3.53305,-76.29966,ADELANTA POR DERECHA,102,NO APLICA,CHOQUE,58,MASCULINO,NO APLICA,NO APLICA,AUTOMOVIL,CHEVROLET,PALMIRA,PUBLICO,NO APLICA
DAÑOS,02/23/2022 12:00:00 AM,"2,022",1899-12-31T20:40:00.000,NOCHE,MIERCOLES,COLOMBIA,CALLE 36 CARRERA 30,URBANA,TECNICO,3.53305,-76.29966,ADELANTA POR DERECHA,102,NO APLICA,CHOQUE,32,MASCULINO,NO APLICA,NO APLICA,AUTOMOVIL,FORD,CALI,PARTICULAR,NO APLICA
DAÑOS,02/24/2022 12:00:00 AM,"2,022",1899-12-31T02:30:00.000,MADRUGADA,JUEVES,OLIMPICO,CALLE 27 CARRERA 34 -35,URBANA,TECNICO,3.52539,-76.3057,PERDIDA DEL CONTROL DEL VEHICULO,157,NO APLICA,CHOQUE,37,MASCULINO,NO APLICA,NO APLICA,CAMIONETA,RENAULT,PALMIRA,OFICIAL,NO APLICA
DAÑOS,02/24/2022 12:00:00 AM,"2,022",1899-12-31T06:30:00.000,MAÑANA,JUEVES,CUIDAD DEL CAMPO,CALLE 100 CARRERA 12,RURAL,TECNICO,3.45486,-76.47089,ARRANCAR SIN PRECAUCION,145,NO APLICA,CHOQUE,24,FEMENINA,NO APLICA,NO APLICA,AUTOMOVIL,FIAT,CALI,PARTICULAR,NO APLICA
DAÑOS,02/24/2022 12:00:00 AM,"2,022",1899-12-31T06:30:00.000,MAÑANA,JUEVES,CUIDAD DEL CAMPO,CALLE 100 CARRERA 12,RURAL,TECNICO,3.45486,-76.47089,ARRANCAR SIN PRECAUCION,145,NO APLICA,CHOQUE,46,FEMENINA,NO APLICA,NO APLICA,CAMPERO,BEIJING,PALMIRA,PUBLICO,NO APLICA
DAÑOS,02/24/2022 12:00:00 AM,"2,022",1899-12-31T12:00:00.000,TARDE,JUEVES,INDUSTRIA,CALLE 42 CARRERA 35,URBANA,TECNICO,3.53868,-76.30594,ADELANTAR CERRANDO,103,NO APLICA,CHOQUE,41,FEMENINA,NO APLICA,NO APLICA,BUS,HINO,GUACARI,PUBLICO,NO APLICA
DAÑOS,02/24/2022 12:00:00 AM,"2,022",1899-12-31T12:00:00.000,TARDE,JUEVES,INDUSTRIA,CALLE 42 CARRERA 35,URBANA,TECNICO,3.53868,-76.30594,ADELANTAR CERRANDO,103,NO APLICA,CHOQUE,73,MASCULINO,NO APLICA,NO APLICA,AUTOMOVIL,KIA,PALMIRA,PUBLICO,NO APLICA
HERIDOS,02/25/2022 12:00:00 AM,"2,022",1899-12-31T08:30:00.000,MAÑANA,VIERNES,CENTRO,CALLE 31 CARRERA 25,URBANA,TECNICO,3.52762,-76.29625,SEMAFORO EN ROJO,142,MOTOCICLISTA,CHOQUE,32,MASCULINO,LESIONADO,PALMIRA,MOTO,SUZUKI,GUACARI,PARTICULAR,NO APLICA
HERIDOS,02/25/2022 12:00:00 AM,"2,022",1899-12-31T08:30:00.000,MAÑANA,VIERNES,CENTRO,CALLE 31 CARRERA 25,URBANA,TECNICO,3.52762,-76.29625,SEMAFORO EN ROJO,142,MOTOCICLISTA,CHOQUE,26,MASCULINO,LESIONADO,IPS POSITIVA,MOTO,AKT,BOGOTA,PARTICULAR,NO APLICA
DAÑOS,02/25/2022 12:00:00 AM,"2,022",1899-12-31T08:00:00.000,MAÑANA,VIERNES,EMILIA,CARRERA  35 CALLE 40,URBANA,TECNICO,3.53713,-76.3063,NO MANTENER DISTANCIA SEGURIDAD,121,NO APLICA,CHOQUE,51,FEMENINA,NO APLICA,NO APLICA,AUTOMOVIL,RENAULT,PALMIRA,PARTICULAR,NO APLICA
DAÑOS,02/25/2022 12:00:00 AM,"2,022",1899-12-31T08:00:00.000,MAÑANA,VIERNES,EMILIA,CARRERA  35 CALLE 41,URBANA,TECNICO,3.53713,-76.3063,NO MANTENER DISTANCIA SEGURIDAD,121,NO APLICA,CHOQUE,48,MASCULINO,NO APLICA,NO APLICA,MOTO,BAJAJ,PALMIRA,PARTICULAR,NO APLICA
DAÑOS,02/25/2022 12:00:00 AM,"2,022",1899-12-31T13:35:00.000,TARDE,VIERNES,CENTRO,CALLE 27  CARRERA 30-57,URBANA,TECNICO,3.52477,-76.30148,PONER EN MARCHA VEHICULO SIN PRECAUCION,143,NO APLICA,CHOQUE,36,MASCULINO,NO APLICA,NO APLICA,AUTOMOVIL,KIA,PALMIRA,PUBLICO,PALMERAS
DAÑOS,02/25/2022 12:00:00 AM,"2,022",1899-12-31T13:35:00.000,TARDE,VIERNES,CENTRO,CALLE 27  CARRERA 30-57,URBANA,TECNICO,3.52477,-76.30148,PONER EN MARCHA VEHICULO SIN PRECAUCION,143,NO APLICA,CHOQUE,42,MASCULINO,NO APLICA,NO APLICA,CAMIONETA,RENAULT,CALI,PARTICULAR,NO APLICA
HERIDOS,02/25/2022 12:00:00 AM,"2,022",1899-12-31T18:50:00.000,NOCHE,VIERNES,PRADO,CALLE 42 CARRERA 39-42,URBANA,TECNICO,3.53716,-76.31972,POR ESTABLECER,157,MOTOCICLISTA,CHOQUE,34,FEMENINA,LESIONADO,PALMIRA,MOTO,AKT,PRADERA,PARTICULAR,NO APLICA
HERIDOS,02/25/2022 12:00:00 AM,"2,022",1899-12-31T18:50:00.000,NOCHE,VIERNES,PRADO,CALLE 42 CARRERA 39-42,URBANA,TECNICO,3.53716,-76.31972,POR ESTABLECER,157,CICLISTA,CHOQUE,14,MASCULINO,LESIONADO,PALMIRA,BICICLETA,NO APLICA,NO APLICA,PARTICULAR,NO APLICA
HERIDOS,02/26/2022 12:00:00 AM,"2,022",1899-12-31T10:00:00.000,MAÑANA,SABADO,AMERICAS,CALLE 14 CARRERA 26,URBANA,TECNICO,3.51318,-76.29908,PERDIDA DEL CONTROL DEL VEHICULO,157,MOTOCICLISTA,CHOQUE SARDINEL,19,MASCULINO,LESIONADO,PALMIRA,MOTO,SUZUKI,PALMIRA,PARTICULAR,NO APLICA
HERIDOS,02/26/2022 12:00:00 AM,"2,022",1899-12-31T10:00:00.000,MAÑANA,SABADO,AMERICAS,CALLE 14 CARRERA 26,URBANA,TECNICO,3.51318,-76.29908,PERDIDA DEL CONTROL DEL VEHICULO,157,ACOMPAÑANTE MOTOCICLISTA,CHOQUE SARDINEL,76,MASCULINO,LESIONADO,PALMIRA,NO APLICA,NO APLICA,NO APLICA,NO APLICA,NO APLICA
HERIDOS,02/27/2022 12:00:00 AM,"2,022",1899-12-31T03:50:00.000,MADRUGADA,DOMINGO,CENTRO POBLADO ROZO,CALLE 10 N 13-908 LA PIÑA,RURAL,TECNICO,3.61511,-76.38913,EMBRIAGUEZ APARENTE,115,MOTOCICLISTA,CHOQUE,30,MASCULINO,LESIONADO,PALMA,MOTO,HONDA,MIRANDA,PARTICULAR,NO APLICA
HERIDOS,02/27/2022 12:00:00 AM,"2,022",1899-12-31T03:50:00.000,MADRUGADA,DOMINGO,CENTRO POBLADO ROZO,CALLE 10 N 13-908 LA PIÑA,RURAL,TECNICO,3.61511,-76.38913,EMBRIAGUEZ APARENTE,115,NO APLICA,CHOQUE,19,MASCULINO,NO APLICA,NO APLICA,CAMIONETA,TOYOTA,BOGOTA,PARTICULAR,NO APLICA
HERIDOS,02/27/2022 12:00:00 AM,"2,022",1899-12-31T05:00:00.000,MADRUGADA,DOMINGO,RECREO,CALLE 23 CARRERA 26,URBANA,TECNICO,3.52078,-76.29823,DESOBEDESER SEÑAL,112,CONDUCTOR,CHOQUE,36,MASCULINO,LESIONADO,PALMIRA,AUTOMOVIL,KIA,PALMIRA,PUBLICO,NO APLICA
HERIDOS,02/27/2022 12:00:00 AM,"2,022",1899-12-31T05:00:00.000,MADRUGADA,DOMINGO,RECREO,CALLE 23 CARRERA 26,URBANA,TECNICO,3.52078,-76.29823,DESOBEDESER SEÑAL,112,NO APLICA,CHOQUE,17,MASCULINO,NO APLICA,NO APLICA,AUTOMOVIL,KIA,CALI,PARTICULAR,NO APLICA
HERIDOS,02/27/2022 12:00:00 AM,"2,022",1899-12-31T05:00:00.000,MADRUGADA,DOMINGO,RECREO,CALLE 23 CARRERA 26,URBANA,TECNICO,3.52078,-76.29823,DESOBEDESER SEÑAL,112,ACOMPAÑANTE CONDUCTOR,CHOQUE,37,MASCULINO,LESIONADO,PALMIRA,NO APLICA,NO APLICA,NO APLICA,NO APLICA,NO APLICA
MUERTO,02/26/2022 12:00:00 AM,"2,022",1899-12-31T09:45:00.000,MAÑANA,SABADO,BARRIO NUEVO,CARRERA 29 CALLE 26,URBANA,TECNICO,3.52373,-76.30033,POR ESTABLECER,157,MOTOCICLISTA,CHOQUE,57,MASCULINO,MUERTO,SANTA BARBARA,MOTO,HONDA,PALMIRA,PARTICULAR,NO APLICA
HERIDOS,02/26/2022 12:00:00 AM,"2,022",1899-12-31T17:20:00.000,TARDE,SABADO,SANTA ISABEL,CARRERA 28 CALLE 44,URBANA,TECNICO,3.53935,-76.297,PERDIDA DEL CONTROL DEL VEHICULO,157,NO APLICA,CHOQUE,37,MASCULINO,NO APLICA,NO APLICA,BUS,CHEVROLET,GUACARI,PUBLICO,SULTANA
HERIDOS,02/26/2022 12:00:00 AM,"2,022",1899-12-31T17:20:00.000,TARDE,SABADO,SANTA ISABEL,CARRERA 28 CALLE 44,URBANA,TECNICO,3.53935,-76.297,PERDIDA DEL CONTROL DEL VEHICULO,157,CICLISTA,CHOQUE,61,MASCULINO,LESIONADO,PALMA,BICICLETA,NO APLICA,NO APLICA,PARTICULAR,NO APLICA
HERIDOS,02/26/2022 12:00:00 AM,"2,022",1899-12-31T17:35:00.000,TARDE,SABADO,ESTONIA,CALLE 42 CARRERA 32,URBANA,TECNICO,3.53842,-76.30086,POR ESTABLECER,157,CICLISTA,CHOQUE,64,MASCULINO,LESIONADO,PALMA,BICICLETA,NO APLICA,NO APLICA,NO APLICA,NO APLICA
DAÑOS,02/26/2022 12:00:00 AM,"2,022",1899-12-31T20:20:00.000,NOCHE,SABADO,VERSALLES,CARRERA 29 CALLE 42A,URBANA,TECNICO,3.53834,-76.29805,REVERSO IMPRUDENTE,134,NO APLICA,CHOQUE,54,MASCULINO,NO APLICA,NO APLICA,CAMIONETA,CHANASTAR,CALI,PARTICULAR,NO APLICA
DAÑOS,02/27/2022 12:00:00 AM,"2,022",1899-12-31T12:10:00.000,TARDE,DOMINGO,SESQUI,CARRERA 32 CALLE 10,URBANA,TECNICO,3.50992,-76.30744,NO MANTENER DISTANCIA SEGURIDAD,121,NO APLICA,CHOQUE,34,FEMENINA,NO APLICA,NO APLICA,AUTOMOVIL,SUZUKI,PALMIRA,PARTICULAR,NO APLICA
DAÑOS,02/27/2022 12:00:00 AM,"2,022",1899-12-31T12:10:00.000,TARDE,DOMINGO,SESQUI,CARRERA 32 CALLE 10,URBANA,TECNICO,3.50992,-76.30744,NO MANTENER DISTANCIA SEGURIDAD,121,NO APLICA,CHOQUE,45,MASCULINO,NO APLICA,NO APLICA,MOTO,HONDA,FLORIDA,PARTICULAR,NO APLICA
HERIDOS,02/27/2022 12:00:00 AM,"2,022",1899-12-31T11:00:00.000,MAÑANA,DOMINGO,FRAY LUIS,CALLE 42 CARRERA 47,URBANA,TECNICO,3.53837,-76.31842,ADELANTAR EN CURVA,101,NO APLICA,CHOQUE,62,FEMENINA,NO APLICA,NO APLICA,CAMIONETA,HONDA,CALI,PARTICULAR,NO APLICA
HERIDOS,02/27/2022 12:00:00 AM,"2,022",1899-12-31T11:00:00.000,MAÑANA,DOMINGO,FRAY LUIS,CALLE 42 CARRERA 47,URBANA,TECNICO,3.53837,-76.31842,ADELANTAR EN CURVA,101,MOTOCICLISTA,CHOQUE,23,MASCULINO,LESIONADO,IPS POSITIVA,MOTO,HONDA,PRADERA,PARTICULAR,NO APLICA
HERIDOS,02/27/2022 12:00:00 AM,"2,022",1899-12-31T19:15:00.000,NOCHE,DOMINGO,EMILIA,CALLE 36 CARRERA 37,URBANA,TECNICO,3.53375,-76.30737,DESOBEDESER SEÑAL,112,MOTOCICLISTA,CHOQUE,25,FEMENINA,LESIONADO,PALMIRA,MOTO,KIMCO,PALMIRA,PARTICULAR,NO APLICA
HERIDOS,02/27/2022 12:00:00 AM,"2,022",1899-12-31T19:15:00.000,NOCHE,DOMINGO,EMILIA,CALLE 36 CARRERA 37,URBANA,TECNICO,3.53375,-76.30737,DESOBEDESER SEÑAL,112,NO APLICA,CHOQUE,49,MASCULINO,NO APLICA,NO APLICA,AUTOMOVIL,JAC,PALMIRA,PARTICULAR,NO APLICA
HERIDOS,02/27/2022 12:00:00 AM,"2,022",1899-12-31T19:45:00.000,NOCHE,DOMINGO,CENTRO POBLADO AMAIME,CALLE 6 CARRERA 1A-213,RURAL,TECNICO,3.60658,-76.27565,PERDIDA DEL CONTROL DEL VEHICULO,157,MOTOCICLISTA,CHOQUE,31,MASCULINO,LESIONADO,PALMA,MOTO,HONDA,FLORIDA,PARTICULAR,NO APLICA
DAÑOS,03/02/2022 12:00:00 AM,"2,022",1899-12-31T09:15:00.000,MAÑANA,MIERCOLES,LAS FLORES,CARRERA 2 CALLE 25,URBANA,TECNICO,3.52055,-76.2785,DESOBEDESER SEÑAL,112,NO APLICA,CHOQUE,48,MASCULINO,NO APLICA,NO APLICA,CAMIONETA,TOYOTA,CALI,PARTICULAR,NO APLICA
DAÑOS,03/02/2022 12:00:00 AM,"2,022",1899-12-31T09:15:00.000,MAÑANA,MIERCOLES,LAS FLORES,CARRERA 2 CALLE 25,URBANA,TECNICO,3.52055,-76.2785,DESOBEDESER SEÑAL,112,NO APLICA,CHOQUE,28,FEMENINA,NO APLICA,NO APLICA,AUTOMOVIL,CHEVROLET,CALI,PARTICULAR,NO APLICA
DAÑOS,03/02/2022 12:00:00 AM,"2,022",1899-12-31T07:30:00.000,MAÑANA,MIERCOLES,SANTA RITA,CARRERA 28 CALLE 37A,URBANA,TECNICO,3.53422,-76.2978,NO MANTENER DISTANCIA SEGURIDAD,121,NO APLICA,CHOQUE,34,MASCULINO,NO APLICA,NO APLICA,AUTOMOVIL,BMW,CALI,PARTICULAR,NO APLICA
DAÑOS,03/02/2022 12:00:00 AM,"2,022",1899-12-31T07:30:00.000,MAÑANA,MIERCOLES,SANTA RITA,CARRERA 28 CALLE 37A,URBANA,TECNICO,3.53422,-76.2978,NO MANTENER DISTANCIA SEGURIDAD,121,NO APLICA,CHOQUE,45,MASCULINO,NO APLICA,NO APLICA,MOTO,UNITED,GUACARI,PARTICULAR,NO APLICA
DAÑOS,03/01/2022 12:00:00 AM,"2,022",1899-12-31T17:30:00.000,TARDE,MARTES,COLOMBIA,CARRERA 33 CALLE 36-47,URBANA,TECNICO,3.53397,-76.3027,REVERSO IMPRUDENTE,134,NO APLICA,CHOQUE,56,MASCULINO,NO APLICA,NO APLICA,AUTOMOVIL,MAZDA,ENVIGADO,PARTICULAR,NO APLICA
DAÑOS,03/01/2022 12:00:00 AM,"2,022",1899-12-31T17:30:00.000,TARDE,MARTES,COLOMBIA,CARRERA 33 CALLE 36-47,URBANA,TECNICO,3.53397,-76.3027,REVERSO IMPRUDENTE,134,NO APLICA,CHOQUE,42,MASCULINO,NO APLICA,NO APLICA,CAMION,JAC,GUACARI,PARTICULAR,NO APLICA
HERIDOS,03/01/2022 12:00:00 AM,"2,022",1899-12-31T18:50:00.000,NOCHE,MARTES,OBRERO,CARRERA 25 CALLE 34,URBANA,TECNICO,3.53077,-76.29568,PONER EN MARCHA VEHICULO SIN PRECAUCION,143,NO APLICA,CHOQUE,81,MASCULINO,NO APLICA,NO APLICA,AUTOMOVIL,RENAULT,PALMIRA,PUBLICO,NO APLICA
HERIDOS,03/01/2022 12:00:00 AM,"2,022",1899-12-31T18:50:00.000,NOCHE,MARTES,OBRERO,CARRERA 25 CALLE 34,URBANA,TECNICO,3.53077,-76.29568,PONER EN MARCHA VEHICULO SIN PRECAUCION,143,NO APLICA,CHOQUE,45,MASCULINO,NO APLICA,NO APLICA,BICICLETA,NO APLICA,NO APLICA,PARTICULAR,NO APLICA
HERIDOS,03/01/2022 12:00:00 AM,"2,022",1899-12-31T18:50:00.000,NOCHE,MARTES,OBRERO,CARRERA 25 CALLE 34,URBANA,TECNICO,3.53077,-76.29568,PONER EN MARCHA VEHICULO SIN PRECAUCION,143,ACOMPAÑANTE CICLISTA,CHOQUE,19,FEMENINA,LESIONADO,PALMA,NO APLICA,NO APLICA,NO APLICA,NO APLICA,NO APLICA
HERIDOS,03/01/2022 12:00:00 AM,"2,022",1899-12-31T18:00:00.000,NOCHE,MARTES,INDUSTRIA,CALLE 42 CARRERA 43-44,URBANA,TECNICO,3.53879,-76.31307,POR ESTABLECER,157,MOTOCICLISTA,CHOQUE,33,MASCULINO,LESIONADO,IPS POSITIVA,MOTO,HONDA,BOGOTA,PARTICULAR,NO APLICA
HERIDOS,03/01/2022 12:00:00 AM,"2,022",1899-12-31T18:00:00.000,NOCHE,MARTES,INDUSTRIA,CALLE 42 CARRERA 43-44,URBANA,TECNICO,3.53879,-76.31307,POR ESTABLECER,157,MOTOCICLISTA,CHOQUE,54,MASCULINO,LESIONADO,IPS POSITIVA,MOTO,HONDA,PEREIRA,PARTICULAR,NO APLICA
DAÑOS,03/03/2022 12:00:00 AM,"2,022",1899-12-31T06:30:00.000,MAÑANA,JUEVES,INDUSTRIA,CALLE 42 CARRERA 35,URBANA,TECNICO,3.53874,-76.30652,ADELANTAR CERRANDO,103,NO APLICA,CHOQUE,27,MASCULINO,NO APLICA,NO APLICA,AUTOMOVIL,NISSAN,META,PARTICULAR,NO APLICA