CLASE ACCIDENTE,FECHA,AÑO,HORA,JORNADA,DIA_SEMANA,BARRIOS-CORREGIMIENTO- VIA,DIRECCION,ZONA,AUTORIDAD,LAT,LONG,HIPOTESIS,CODIGO,CONDICION DE LA VICTIMA,GRAVEDAD,EDAD,GENERO,LESIONADOS Y MUERTOS,CLINICA,CLASE VEHICULO,MARCA,MATRICULA,TIPO DE SERVICIO,EMPRESA
DAÑOS,03/03/2022 12:00:00 AM,"2,022",1899-12-31T06:30:00.000,MAÑANA,JUEVES,INDUSTRIA,CALLE 42 CARRERA 35,URBANA,TECNICO,3.53874,-76.30652,ADELANTAR CERRANDO,103,NO APLICA,CHOQUE,50,MASCULINO,NO APLICA,NO APLICA,CAMION,HYUNDAI,GUACARI,PUBLICO,NO APLICA
HERIDOS,03/01/2022 12:00:00 AM,"2,022",1899-12-31T11:10:00.000,MAÑANA,MARTES,SESQUI,CALLE 11 CARRERA 29,URBANA,TECNICO,3.51063,-76.30182,GIRAR BRUSCAMENTE,122,MOTOCICLISTA,CHOQUE,31,FEMENINA,LESIONADO,PALMIRA,MOTO,YAMAHA,PRADERA,PARTICULAR,NO APLICA
HERIDOS,03/01/2022 12:00:00 AM,"2,022",1899-12-31T11:10:00.000,MAÑANA,MARTES,SESQUI,CALLE 11 CARRERA 29,URBANA,TECNICO,3.51063,-76.30182,GIRAR BRUSCAMENTE,122,NO APLICA,CHOQUE,29,MASCULINO,NO APLICA,NO APLICA,MOTO,SUZUKI,PALMIRA,PARTICULAR,NO APLICA
HERIDOS,03/01/2022 12:00:00 AM,"2,022",1899-12-31T15:30:00.000,TARDE,MARTES,PRADO,CALLE 42 CARRERA 45,URBANA,TECNICO,3.53884,-76.31468,GIRAR BRUSCAMENTE,122,MOTOCICLISTA,CHOQUE,51,MASCULINO,LESIONADO,PALMA,MOTO,HONDA,PRADERA,PARTICULAR,NO APLICA
HERIDOS,03/01/2022 12:00:00 AM,"2,022",1899-12-31T15:30:00.000,TARDE,MARTES,PRADO,CALLE 42 CARRERA 45,URBANA,TECNICO,3.53884,-76.31468,GIRAR BRUSCAMENTE,122,NO APLICA,CHOQUE,36,MASCULINO,NO APLICA,NO APLICA,AUTOMOVIL,CHEVROLET,CALI,PARTICULAR,NO APLICA
HERIDOS,03/01/2022 12:00:00 AM,"2,022",1899-12-31T15:30:00.000,TARDE,MARTES,PRADO,CALLE 42 CARRERA 45,URBANA,TECNICO,3.53884,-76.31468,GIRAR BRUSCAMENTE,122,ACOMPAÑANTE MOTOCICLISTA,CHOQUE,68,FEMENINA,LESIONADO,PALMA,NO APLICA,NO APLICA,NO APLICA,NO APLICA,NO APLICA
DAÑOS,02/28/2022 12:00:00 AM,"2,022",1899-12-31T19:30:00.000,NOCHE,LUNES,SAN PEDRO,CALLE 42 CARRERA 19,URBANA,TECNICO,3.53706,-76.29064,NO MANTENER DISTANCIA SEGURIDAD,121,NO APLICA,CHOQUE,52,FEMENINA,NO APLICA,NO APLICA,AUTOMOVIL,KIA,PALMIRA,PARTICULAR,NO APLICA
DAÑOS,02/28/2022 12:00:00 AM,"2,022",1899-12-31T19:30:00.000,NOCHE,LUNES,SAN PEDRO,CALLE 42 CARRERA 19,URBANA,TECNICO,3.53706,-76.29064,NO MANTENER DISTANCIA SEGURIDAD,121,NO APLICA,CHOQUE,20,MASCULINO,NO APLICA,NO APLICA,MOTO,BAJAJ,PALMIRA,PARTICULAR,NO APLICA
HERIDOS,02/28/2022 12:00:00 AM,"2,022",1899-12-31T20:30:00.000,NOCHE,LUNES,CENTRO,CALLE 28 CARRERA 31,URBANA,TECNICO,3.52574,-76.30193,SEMAFORO EN ROJO,142,CONDUCTOR,CHOQUE,35,FEMENINA,LESIONADO,PALMIRA,AUTOMOVIL,CHEVROLET,EL CERRITO,PARTICULAR,NO APLICA
HERIDOS,02/28/2022 12:00:00 AM,"2,022",1899-12-31T20:30:00.000,NOCHE,LUNES,CENTRO,CALLE 28 CARRERA 31,URBANA,TECNICO,3.52574,-76.30193,SEMAFORO EN ROJO,142,ACOMPAÑANTE CONDUCTOR,CHOQUE,1,MASCULINO,LESIONADO,PALMIRA,NO APLICA,NO APLICA,NO APLICA,NO APLICA,NO APLICA
HERIDOS,02/28/2022 12:00:00 AM,"2,022",1899-12-31T20:30:00.000,NOCHE,LUNES,CENTRO,CALLE 28 CARRERA 31,URBANA,TECNICO,3.52574,-76.30193,SEMAFORO EN ROJO,142,NO APLICA,CHOQUE,23,MASCULINO,NO APLICA,NO APLICA,AUTOMOVIL,HYUNDAI,PALMIRA,PUBLICO,FLOTA PALMIRA
DAÑOS,03/02/2022 12:00:00 AM,"2,022",1899-12-31T17:00:00.000,TARDE,MIERCOLES,CHAPINERO SUR,CARRERA 32 CALLE 6,URBANA,TECNICO,3.50661,-76.31288,FRENAR BRUSCAMENTE,119,NO APLICA,CHOQUE,23,MASCULINO,NO APLICA,NO APLICA,AUTOMOVIL,SUZUKI,CALI,PARTICULAR,NO APLICA
DAÑOS,03/02/2022 12:00:00 AM,"2,022",1899-12-31T17:00:00.000,TARDE,MIERCOLES,CHAPINERO SUR,CARRERA 32 CALLE 6,URBANA,TECNICO,3.50661,-76.31288,FRENAR BRUSCAMENTE,119,NO APLICA,CHOQUE,33,MASCULINO,NO APLICA,NO APLICA,CAMIONETA,FORD,CALI,PARTICULAR,NO APLICA
HERIDOS,03/02/2022 12:00:00 AM,"2,022",1899-12-31T17:40:00.000,TARDE,MIERCOLES,COLOMBINA,CARRRA 16 CALLE 28,URBANA,TECNICO,3.52411,-76.289,DESOBEDESER SEÑAL,112,NO APLICA,CHOQUE,63,MASCULINO,NO APLICA,NO APLICA,AUTOMOVIL,RENAULT,CALI,PARTICULAR,NO APLICA
HERIDOS,03/02/2022 12:00:00 AM,"2,022",1899-12-31T17:40:00.000,TARDE,MIERCOLES,COLOMBINA,CARRRA 16 CALLE 28,URBANA,TECNICO,3.52411,-76.289,DESOBEDESER SEÑAL,112,MOTOCICLISTA,CHOQUE,26,FEMENINA,LESIONADO,PALMIRA,MOTO,HONDA,CERETE,PARTICULAR,NO APLICA
HERIDOS,03/02/2022 12:00:00 AM,"2,022",1899-12-31T21:00:00.000,NOCHE,MIERCOLES,LAS FLORES,CALLE 23 CARRERA 3,URBANA,TECNICO,3.51975,-76.27947,DESOBEDESER SEÑAL,112,NO APLICA,CHOQUE,22,FEMENINA,NO APLICA,NO APLICA,AUTOMOVIL,KIA,CALI,PARTICULAR,NO APLICA
HERIDOS,03/02/2022 12:00:00 AM,"2,022",1899-12-31T21:00:00.000,NOCHE,MIERCOLES,LAS FLORES,CALLE 23 CARRERA 3,URBANA,TECNICO,3.51975,-76.27947,DESOBEDESER SEÑAL,112,MOTOCICLISTA,CHOQUE,26,MASCULINO,LESIONADO,PALMIRA,MOTO,YAMAHA,TIMBIO,PARTICULAR,NO APLICA
HERIDOS,03/02/2022 12:00:00 AM,"2,022",1899-12-31T21:00:00.000,NOCHE,MIERCOLES,LAS FLORES,CALLE 23 CARRERA 3,URBANA,TECNICO,3.51975,-76.27947,DESOBEDESER SEÑAL,112,NO APLICA,CHOQUE,29,FEMENINA,NO APLICA,NO APLICA,CAMIONETA,CHEVROLET,PALMIRA,PARTICULAR,NO APLICA
HERIDOS,03/03/2022 12:00:00 AM,"2,022",1899-12-31T10:40:00.000,MAÑANA,JUEVES,ESTONIA,CARRERA 32 CALLE 42,URBANA,TECNICO,3.53842,-76.30088,NO RESPETAR PRELACION,123,MOTOCICLISTA,CHOQUE,23,MASCULINO,LESIONADO,FRACTURAS,MOTO,SUZUKI,PALMIRA,PARTICULAR,NO APLICA
HERIDOS,03/03/2022 12:00:00 AM,"2,022",1899-12-31T10:40:00.000,MAÑANA,JUEVES,ESTONIA,CARRERA 32 CALLE 42,URBANA,TECNICO,3.53842,-76.30088,NO RESPETAR PRELACION,123,NO APLICA,CHOQUE,47,FEMENINA,NO APLICA,NO APLICA,AUTOMOVIL,KIA,PALMIRA,PARTICULAR,NO APLICA
HERIDOS,03/03/2022 12:00:00 AM,"2,022",1899-12-31T10:40:00.000,MAÑANA,JUEVES,ESTONIA,CARRERA 32 CALLE 42,URBANA,TECNICO,3.53842,-76.30088,NO RESPETAR PRELACION,123,PEATON,CHOQUE,54,MASCULINO,LESIONADO,PALMIRA,NO APLICA,NO APLICA,NO APLICA,PARTICULAR,NO APLICA
DAÑOS,03/03/2022 12:00:00 AM,"2,022",1899-12-31T16:00:00.000,TARDE,JUEVES,URIBE,CALLE 35 CARRERA 20,URBANA,TECNICO,3.5311,-76.29158,DESOBEDESER SEÑAL,112,NO APLICA,CHOQUE,57,FEMENINA,NO APLICA,NO APLICA,AUTOMOVIL,KIA,CALI,PARTICULAR,NO APLICA
DAÑOS,03/03/2022 12:00:00 AM,"2,022",1899-12-31T16:00:00.000,TARDE,JUEVES,URIBE,CALLE 35 CARRERA 20,URBANA,TECNICO,3.5311,-76.29158,DESOBEDESER SEÑAL,112,NO APLICA,CHOQUE,22,FEMENINA,NO APLICA,NO APLICA,AUTOMOVIL,KIA,BOGOTA,PARTICULAR,NO APLICA
DAÑOS,03/04/2022 12:00:00 AM,"2,022",1899-12-31T13:00:00.000,TARDE,VIERNES,LOS PINOS,CALLE 42 CARRERA 20-15,URBANA,TECNICO,3.53717,-76.29123,NO ESTAR PENDIENTE DE LA VIA,157,NO APLICA,CHOQUE,43,MASCULINO,NO APLICA,NO APLICA,MOTO,BAJAJ,PRADERA,PARTICULAR,NO APLICA
DAÑOS,03/04/2022 12:00:00 AM,"2,022",1899-12-31T13:00:00.000,TARDE,VIERNES,LOS PINOS,CALLE 42 CARRERA 20-15,URBANA,TECNICO,3.53717,-76.29123,NO ESTAR PENDIENTE DE LA VIA,157,NO APLICA,CHOQUE,33,FEMENINA,NO APLICA,NO APLICA,AUTOMOVIL,CHEVROLET,PALMIRA,PARTICULAR,NO APLICA
DAÑOS,03/04/2022 12:00:00 AM,"2,022",1899-12-31T14:30:00.000,TARDE,VIERNES,VIA PALMIRA BARRANCAS,KM 3 SAN JOSE,RURAL,TECNICO,3.5491,-76.248,REVERSO IMPRUDENTE,134,NO APLICA,CHOQUE,31,MASCULINO,NO APLICA,NO APLICA,VOLQUETA,HYUNDAI,CHIA,PARTICULAR,NO APLICA
DAÑOS,03/04/2022 12:00:00 AM,"2,022",1899-12-31T14:30:00.000,TARDE,VIERNES,VIA PALMIRA BARRANCAS,KM 3 SAN JOSE,RURAL,TECNICO,3.5491,-76.248,REVERSO IMPRUDENTE,134,NO APLICA,CHOQUE,57,FEMENINA,NO APLICA,NO APLICA,CAMIONETA,NISSAN,CALI,PARTICULAR,NO APLICA
HERIDOS,03/04/2022 12:00:00 AM,"2,022",1899-12-31T19:00:00.000,NOCHE,VIERNES,VIA PALMIRA GUANABANAL,KM 2 - 796,RURAL,TECNICO,3.48499,-76.42249,GIRAR BRUSCAMENTE,122,MOTOCICLISTA,CHOQUE,21,MASCULINO,LESIONADO,RAUL,MOTO,HONDA,FLORIDA,PARTICULAR,NO APLICA
HERIDOS,03/04/2022 12:00:00 AM,"2,022",1899-12-31T19:00:00.000,NOCHE,VIERNES,VIA PALMIRA GUANABANAL,KM 2 - 796,RURAL,TECNICO,3.48499,-76.42249,GIRAR BRUSCAMENTE,122,NO APLICA,CHOQUE,37,MASCULINO,NO APLICA,NO APLICA,AUTOMOVIL,CHEVROLET,PALMIRA,PUBLICO,COOTRANSPAL
HERIDOS,03/04/2022 12:00:00 AM,"2,022",1899-12-31T19:30:00.000,NOCHE,VIERNES,GUAYACANES INGENIO,CARRERA 19 CALLE 26A,URBANA,TECNICO,3.52304,-76.29162,EMBRIAGUEZ APARENTE,115,MOTOCICLISTA,CHOQUE,50,MASCULINO,LESIONADO,RAUL,MOTO,VICTORY,FLORIDA,PARTICULAR,NO APLICA
HERIDOS,03/04/2022 12:00:00 AM,"2,022",1899-12-31T19:30:00.000,NOCHE,VIERNES,GUAYACANES INGENIO,CARRERA 19 CALLE 26A,URBANA,TECNICO,3.52304,-76.29162,EMBRIAGUEZ APARENTE,115,NO APLICA,CHOQUE,36,MASCULINO,NO APLICA,NO APLICA,AUTOMOVIL,MAZDA,IBAGUE,PARTICULAR,NO APLICA
HERIDOS,03/05/2022 12:00:00 AM,"2,022",1899-12-31T05:30:00.000,MADRUGADA,SABADO,ALAMEDA,CALLE 69 CARRERA 26-162,URBANA,TECNICO,3.55469,-76.2895,ARRANCAR SIN PRECAUCION,145,MOTOCICLISTA,CHOQUE,48,MASCULINO,LESIONADO,PALMA,MOTO,HONDA,PRADERA,PARTICULAR,NO APLICA
HERIDOS,03/05/2022 12:00:00 AM,"2,022",1899-12-31T05:30:00.000,MADRUGADA,SABADO,ALAMEDA,CALLE 69 CARRERA 26-162,URBANA,TECNICO,3.55469,-76.2895,ARRANCAR SIN PRECAUCION,145,NO APLICA,CHOQUE,27,MASCULINO,NO APLICA,NO APLICA,AUTOMOVIL,RENAULT,CALI,PARTICULAR,NO APLICA
HERIDOS,03/05/2022 12:00:00 AM,"2,022",1899-12-31T20:15:00.000,NOCHE,SABADO,MUNICIPAL,CARRERA 1 CALLE 32,URBANA,TECNICO,3.52619,-76.27784,GIRAR BRUSCAMENTE,122,MOTOCICLISTA,CHOQUE,30,MASCULINO,LESIONADO,RAUL,MOTO,YAMAHA,GUACARI,PARTICULAR,NO APLICA
HERIDOS,03/05/2022 12:00:00 AM,"2,022",1899-12-31T20:15:00.000,NOCHE,SABADO,MUNICIPAL,CARRERA 1 CALLE 32,URBANA,TECNICO,3.52619,-76.27784,GIRAR BRUSCAMENTE,122,NO APLICA,CHOQUE,28,MASCULINO,NO APLICA,NO APLICA,CAMION,JAC,JAMUNDI,PUBLICO,NO APLICA
HERIDOS,03/06/2022 12:00:00 AM,"2,022",1899-12-31T05:30:00.000,MADRUGADA,DOMINGO,SAN PEDRO,CALLE 38 CARRERA 9,URBANA,TECNICO,3.53454,-76.28233,TRANSITAR CON PUERTA ABIERTA,127,MOTOCICLISTA,CHOQUE,36,MASCULINO,LESIONADO,PALMA,MOTO,BAJAJ,ESPINAL,PARTICULAR,NO APLICA
HERIDOS,03/06/2022 12:00:00 AM,"2,022",1899-12-31T05:30:00.000,MADRUGADA,DOMINGO,SAN PEDRO,CALLE 38 CARRERA 9,URBANA,TECNICO,3.53454,-76.28233,TRANSITAR CON PUERTA ABIERTA,127,MOTOCICLISTA,CHOQUE,25,MASCULINO,LESIONADO,PALMA,MOTO,HONDA,FLORIDA,PARTICULAR,NO APLICA
HERIDOS,03/06/2022 12:00:00 AM,"2,022",1899-12-31T09:00:00.000,MAÑANA,DOMINGO,DELICIAS,CARRERA 25 CALLE 24,URBANA,TECNICO,3.52156,-76.29718,ARRANCAR SIN PRECAUCION,145,MOTOCICLISTA,CHOQUE,25,MASCULINO,LESIONADO,IPS POSITIVA,MOTO,SUZUKI,CARTAGO,PARTICULAR,NO APLICA
HERIDOS,03/06/2022 12:00:00 AM,"2,022",1899-12-31T09:00:00.000,MAÑANA,DOMINGO,DELICIAS,CARRERA 25 CALLE 24,URBANA,TECNICO,3.52156,-76.29718,ARRANCAR SIN PRECAUCION,145,NO APLICA,CHOQUE,68,MASCULINO,NO APLICA,NO APLICA,CAMIONETA,CHEVROLET,PALMIRA,PARTICULAR,NO APLICA
MUERTO,03/06/2022 12:00:00 AM,"2,022",1899-12-31T03:15:00.000,MADRUGADA,DOMINGO,ZAMORANO,CARRERA 28 CALLE 66A-121,URBANA,TECNICO,3.55365,-76.29285,POR ESTABLECER,157,MOTOCICLISTA,CHOQUE VEHICULO ESTACIONADO,34,MASCULINO,MUERTO,NO APLICA,MOTO,HERO,CALI,PARTICULAR,NO APLICA
HERIDOS,03/06/2022 12:00:00 AM,"2,022",1899-12-31T15:50:00.000,TARDE,DOMINGO,CUIDADELA PALMIRA,CARRERA 9 CALLE 26,URBANA,TECNICO,3.52172,-76.28405,DESOBEDESER SEÑAL,112,MOTOCICLISTA,CHOQUE,32,FEMENINA,LESIONADO,SANTA BARBARA,MOTO,KIMCO,FLORIDA,PARTICULAR,NO APLICA
HERIDOS,03/06/2022 12:00:00 AM,"2,022",1899-12-31T15:50:00.000,TARDE,DOMINGO,CUIDADELA PALMIRA,CARRERA 9 CALLE 26,URBANA,TECNICO,3.52172,-76.28405,DESOBEDESER SEÑAL,112,NO APLICA,CHOQUE,28,FEMENINA,NO APLICA,NO APLICA,AUTOMOVIL,NISSAN,CALI,PARTICULAR,NO APLICA
HERIDOS,03/06/2022 12:00:00 AM,"2,022",1899-12-31T15:50:00.000,TARDE,DOMINGO,CUIDADELA PALMIRA,CARRERA 9 CALLE 26,URBANA,TECNICO,3.52172,-76.28405,DESOBEDESER SEÑAL,112,ACOMPAÑANTE MOTOCICLISTA,CHOQUE,11,FEMENINA,LESIONADO,SANTA BARBARA,NO APLICA,NO APLICA,NO APLICA,NO APLICA,NO APLICA
DAÑOS,03/06/2022 12:00:00 AM,"2,022",1899-12-31T14:50:00.000,TARDE,DOMINGO,SANTA RITA,CARRERA 27 CALLE 38,URBANA,TECNICO,3.53466,-76.29673,DESOBEDESER SEÑAL,112,NO APLICA,CHOQUE,26,MASCULINO,NO APLICA,NO APLICA,AUTOMOVIL,RENAULT,PALMIRA,PARTICULAR,NO APLICA
DAÑOS,03/06/2022 12:00:00 AM,"2,022",1899-12-31T14:50:00.000,TARDE,DOMINGO,SANTA RITA,CARRERA 27 CALLE 38,URBANA,TECNICO,3.53466,-76.29673,DESOBEDESER SEÑAL,112,NO APLICA,CHOQUE,21,MASCULINO,NO APLICA,NO APLICA,MOTO,VICTORY,GUACARI,PARTICULAR,NO APLICA
DAÑOS,03/07/2022 12:00:00 AM,"2,022",1899-12-31T18:30:00.000,NOCHE,LUNES,CENTRO,CALLE 32 CARRERA 26,URBANA,TECNICO,3.52847,-76.29691,DESOBEDESER SEÑAL,112,NO APLICA,CHOQUE,51,MASCULINO,NO APLICA,NO APLICA,AUTOMOVIL,CHEVROLET,CALI,PARTICULAR,NO APLICA
DAÑOS,03/07/2022 12:00:00 AM,"2,022",1899-12-31T18:30:00.000,NOCHE,LUNES,CENTRO,CALLE 32 CARRERA 26,URBANA,TECNICO,3.52847,-76.29691,DESOBEDESER SEÑAL,112,NO APLICA,CHOQUE,72,MASCULINO,NO APLICA,NO APLICA,AUTOMOVIL,CHEVROLET,GUACARI,PARTICULAR,NO APLICA
DAÑOS,03/08/2022 12:00:00 AM,"2,022",1899-12-31T11:15:00.000,MAÑANA,MARTES,SAN PEDRO,CALLE 37 CARRERA 19,URBANA,TECNICO,3.53274,-76.2905,NO MANTENER DISTANCIA SEGURIDAD,121,NO APLICA,CHOQUE,41,MASCULINO,NO APLICA,NO APLICA,AUTOMOVIL,HYUNDAI,CALI,PARTICULAR,NO APLICA
DAÑOS,03/08/2022 12:00:00 AM,"2,022",1899-12-31T11:15:00.000,MAÑANA,MARTES,SAN PEDRO,CALLE 37 CARRERA 19,URBANA,TECNICO,3.53274,-76.2905,NO MANTENER DISTANCIA SEGURIDAD,121,NO APLICA,CHOQUE,56,MASCULINO,NO APLICA,NO APLICA,AUTOMOVIL,CHEVROLET,PALMIRA,PUBLICO,FLOTA PALMIRA
HERIDOS,03/08/2022 12:00:00 AM,"2,022",1899-12-31T12:30:00.000,TARDE,MARTES,VERSALLES,CALLE 42 CARRERA 28,URBANA,TECNICO,3.53785,-76.29721,NO ESTAR PENDIENTE DE LA VIA,157,NO APLICA,CHOQUE,45,MASCULINO,NO APLICA,NO APLICA,CAMION,FOTON,COTA,PUBLICO,NO APLICA
HERIDOS,03/08/2022 12:00:00 AM,"2,022",1899-12-31T12:30:00.000,TARDE,MARTES,VERSALLES,CALLE 42 CARRERA 28,URBANA,TECNICO,3.53785,-76.29721,NO ESTAR PENDIENTE DE LA VIA,157,MOTOCICLISTA,CHOQUE,21,FEMENINA,LESIONADO,IPS POSITIVA,MOTO,VICTORY,FLORIDA,PARTICULAR,NO APLICA
DAÑOS,03/08/2022 12:00:00 AM,"2,022",1899-12-31T12:30:00.000,TARDE,MARTES,SAMANES,CALLE 47 CARRERA 28,URBANA,TECNICO,3.54216,-76.29663,ARRANCAR SIN PRECAUCION,145,NO APLICA,CHOQUE,63,MASCULINO,NO APLICA,NO APLICA,AUTOMOVIL,RENAULT,PALMIRA,PARTICULAR,NO APLICA
DAÑOS,03/08/2022 12:00:00 AM,"2,022",1899-12-31T12:30:00.000,TARDE,MARTES,SAMANES,CALLE 47 CARRERA 28,URBANA,TECNICO,3.54216,-76.29663,ARRANCAR SIN PRECAUCION,145,NO APLICA,CHOQUE,32,FEMENINA,NO APLICA,NO APLICA,MOTO,SUZUKI,PRADERA,PARTICULAR,NO APLICA
DAÑOS,03/08/2022 12:00:00 AM,"2,022",1899-12-31T12:00:00.000,TARDE,MARTES,INDUSTRIA,CARRERA 35 CALLE 42,URBANA,TECNICO,3.53904,-76.3069,ARRANCAR SIN PRECAUCION,145,NO APLICA,CHOQUE,55,FEMENINA,NO APLICA,NO APLICA,AUTOMOVIL,MAZDA,PEREIRA,PARTICULAR,NO APLICA
DAÑOS,03/08/2022 12:00:00 AM,"2,022",1899-12-31T12:00:00.000,TARDE,MARTES,INDUSTRIA,CARRERA 35 CALLE 42,URBANA,TECNICO,3.53904,-76.3069,ARRANCAR SIN PRECAUCION,145,NO APLICA,CHOQUE,51,MASCULINO,NO APLICA,NO APLICA,CAMION,CHEVROLET,CARTAGO,PUBLICO,NO APLICA
HERIDOS,03/08/2022 12:00:00 AM,"2,022",1899-12-31T13:15:00.000,TARDE,MARTES,SANTA BARBARA,CALLE 31 CARRERA 42-44,URBANA,TECNICO,3.53001,-76.314,INVADIR LINEA CONTINUA,157,NO APLICA,CHOQUE,56,MASCULINO,NO APLICA,NO APLICA,AUTOMOVIL,NISSAN,PALMRA,PARTICULAR,NO APLICA
HERIDOS,03/08/2022 12:00:00 AM,"2,022",1899-12-31T13:15:00.000,TARDE,MARTES,SANTA BARBARA,CALLE 31 CARRERA 42-44,URBANA,TECNICO,3.53001,-76.314,INVADIR LINEA CONTINUA,157,MOTOCICLISTA,CHOQUE,25,MASCULINO,LESIONADO,PALMIRA,MOTO,BAJAJ,FLORIDA,PARTICULAR,NO APLICA
HERIDOS,03/08/2022 12:00:00 AM,"2,022",1899-12-31T13:15:00.000,TARDE,MARTES,SANTA BARBARA,CALLE 31 CARRERA 42-44,URBANA,TECNICO,3.53001,-76.314,INVADIR LINEA CONTINUA,157,ACOMPAÑANTE MOTOCICLISTA,CHOQUE,21,FEMENINA,LESIONADO,PALMIRA,NO APLICA,NO APLICA,NO APLICA,NO APLICA,NO APLICA
DAÑOS,03/08/2022 12:00:00 AM,"2,022",1899-12-31T20:50:00.000,NOCHE,MARTES,ZAMORANO,CALLE 65A CARRERA 28-141,URBANA,TECNICO,3.55285,-76.29468,NO ESTAR PENDIENTE DE LA VIA,157,NO APLICA,CHOQUE,65,MASCULINO,NO APLICA,NO APLICA,CAMIONETA,KIA,CALI,PARTICULAR,NO APLICA
DAÑOS,03/08/2022 12:00:00 AM,"2,022",1899-12-31T20:50:00.000,NOCHE,MARTES,ZAMORANO,CALLE 65A CARRERA 28-141,URBANA,TECNICO,3.55285,-76.29468,NO ESTAR PENDIENTE DE LA VIA,157,NO APLICA,CHOQUE,55,MASCULINO,NO APLICA,NO APLICA,CAMION,JAC,GUACARI,PUBLICO,NO APLICA
HERIDOS,03/09/2022 12:00:00 AM,"2,022",1899-12-31T19:40:00.000,NOCHE,MIERCOLES,SANTA RITA,CARRERA 27 CALLE 38,URBANA,TECNICO,3.53466,-76.29674,ARRANCAR SIN PRECAUCION,145,MOTOCICLISTA,CHOQUE,24,MASCULINO,LESIONADO,PALMA,MOTO,AKT,PRADERA,PARTICULAR,NO APLICA
HERIDOS,03/09/2022 12:00:00 AM,"2,022",1899-12-31T19:40:00.000,NOCHE,MIERCOLES,SANTA RITA,CARRERA 27 CALLE 38,URBANA,TECNICO,3.53466,-76.29674,ARRANCAR SIN PRECAUCION,145,NO APLICA,CHOQUE,26,MASCULINO,NO APLICA,NO APLICA,AUTOMOVIL,KIA,CALI,PARTICULAR,NO APLICA
HERIDOS,03/10/2022 12:00:00 AM,"2,022",1899-12-31T05:50:00.000,MADRUGADA,JUEVES,URIBE,CALLE 34 CARRERA 21,URBANA,TECNICO,3.5303,-76.29253,DESOBEDESER SEÑAL,112,MOTOCICLISTA,CHOQUE,52,MASCULINO,LESIONADO,PALMA,MOTO,HONDA,CANDELARIA,PARTICULAR,NO APLICA
HERIDOS,03/10/2022 12:00:00 AM,"2,022",1899-12-31T05:50:00.000,MADRUGADA,JUEVES,URIBE,CALLE 34 CARRERA 21,URBANA,TECNICO,3.5303,-76.29253,DESOBEDESER SEÑAL,112,MOTOCICLISTA,CHOQUE,38,MASCULINO,LESIONADO,PALMA,MOTO,HONDA,BUGA,PARTICULAR,NO APLICA
HERIDOS,03/10/2022 12:00:00 AM,"2,022",1899-12-31T20:30:00.000,NOCHE,JUEVES,TRINIDAD,CALLE 29 CARRERA 23,URBANA,TECNICO,3.52554,-76.29489,DESOBEDESER SEÑAL,112,MOTOCICLISTA,CHOQUE,31,MASCULINO,LESIONADO,PALMIRA,MOTO,SUZUKI,CARTAGO,PARTICULAR,NO APLICA
HERIDOS,03/10/2022 12:00:00 AM,"2,022",1899-12-31T20:30:00.000,NOCHE,JUEVES,TRINIDAD,CALLE 29 CARRERA 23,URBANA,TECNICO,3.52554,-76.29489,DESOBEDESER SEÑAL,112,NO APLICA,CHOQUE,39,MASCULINO,NO APLICA,NO APLICA,MOTO,SUZUKI,PALMIRA,PARTICULAR,NO APLICA
HERIDOS,03/10/2022 12:00:00 AM,"2,022",1899-12-31T20:30:00.000,NOCHE,JUEVES,TRINIDAD,CALLE 29 CARRERA 23,URBANA,TECNICO,3.52554,-76.29489,DESOBEDESER SEÑAL,112,ACOMPAÑANTE MOTOCICLISTA,CHOQUE,33,FEMENINA,LESIONADO,PALMIRA,NO APLICA,NO APLICA,NO APLICA,NO APLICA,NO APLICA
HERIDOS,03/11/2022 12:00:00 AM,"2,022",1899-12-31T07:30:00.000,MAÑANA,VIERNES,SANTA BARBARA,CALLE 26 CARRERA 44-45,URBANA,TECNICO,3.52579,-76.31449,NO ESTAR PENDIENTE DE LA VIA,157,NO APLICA,CHOQUE,44,FEMENINA,NO APLICA,NO APLICA,AUTOMOVIL,BMW,COTA,PARTICULAR,NO APLICA
HERIDOS,03/11/2022 12:00:00 AM,"2,022",1899-12-31T07:30:00.000,MAÑANA,VIERNES,SANTA BARBARA,CALLE 26 CARRERA 44-45,URBANA,TECNICO,3.52579,-76.31449,NO ESTAR PENDIENTE DE LA VIA,157,MOTOCICLISTA,CHOQUE,37,MASCULINO,LESIONADO,PALMIRA,MOTO,YAMAHA,PALMIRA,PARTICULAR,NO APLICA