CLASE ACCIDENTE,FECHA,AÑO,HORA,JORNADA,DIA_SEMANA,BARRIOS-CORREGIMIENTO- VIA,DIRECCION,ZONA,AUTORIDAD,LAT,LONG,HIPOTESIS,CODIGO,CONDICION DE LA VICTIMA,GRAVEDAD,EDAD,GENERO,LESIONADOS Y MUERTOS,CLINICA,CLASE VEHICULO,MARCA,MATRICULA,TIPO DE SERVICIO,EMPRESA
HERIDOS,03/11/2022 12:00:00 AM,"2,022",1899-12-31T07:30:00.000,MAÑANA,VIERNES,SANTA BARBARA,CALLE 26 CARRERA 44-45,URBANA,TECNICO,3.52579,-76.31449,NO ESTAR PENDIENTE DE LA VIA,157,MOTOCICLISTA,CHOQUE,31,MASCULINO,LESIONADO,FRACTURAS,MOTO,NO APLICA,NO APLICA,NO APLICA,NO APLICA
DAÑOS,03/11/2022 12:00:00 AM,"2,022",1899-12-31T12:30:00.000,TARDE,VIERNES,SANTA RITA,CARRERA 28 CALLE 37,URBANA,TECNICO,3.53362,-76.2979,NO MANTENER DISTANCIA SEGURIDAD,121,NO APLICA,CHOQUE,41,MASCULINO,NO APLICA,NO APLICA,AUTOMOVIL,RENAULT,CALI,PARTICULAR,NO APLICA
DAÑOS,03/11/2022 12:00:00 AM,"2,022",1899-12-31T12:30:00.000,TARDE,VIERNES,SANTA RITA,CARRERA 28 CALLE 37,URBANA,TECNICO,3.53362,-76.2979,NO MANTENER DISTANCIA SEGURIDAD,121,NO APLICA,CHOQUE,21,MASCULINO,NO APLICA,NO APLICA,CAMPERO,CHEVROLET,CALI,PARTICULAR,NO APLICA
DAÑOS,03/11/2022 12:00:00 AM,"2,022",1899-12-31T13:00:00.000,TARDE,VIERNES,SANTA RITA,CARRERA 27 CALLE 37,URBANA,TECNICO,3.53345,-76.29695,GIRAR BRUSCAMENTE,122,NO APLICA,CHOQUE,25,MASCULINO,NO APLICA,NO APLICA,AUTOMOVIL,BMW,BOGOTA,PARTICULAR,NO APLICA
DAÑOS,03/11/2022 12:00:00 AM,"2,022",1899-12-31T13:00:00.000,TARDE,VIERNES,SANTA RITA,CARRERA 27 CALLE 37,URBANA,TECNICO,3.53345,-76.29695,GIRAR BRUSCAMENTE,122,NO APLICA,CHOQUE,64,MASCULINO,NO APLICA,NO APLICA,AUTOMOVIL,JAC,PALMIRA,PUBLICO,UNITAX
HERIDOS,03/11/2022 12:00:00 AM,"2,022",1899-12-31T14:30:00.000,TARDE,VIERNES,COLOMBIA,CARRERA 31 CALLE 35,URBANA,TECNICO,3.53235,-76.30079,DESOBEDESER SEÑAL,112,NO APLICA,CHOQUE,53,MASCULINO,NO APLICA,NO APLICA,AUTOMOVIL,MAZDA,EL CERRITO,PARTICULAR,NO APLICA
HERIDOS,03/11/2022 12:00:00 AM,"2,022",1899-12-31T14:30:00.000,TARDE,VIERNES,COLOMBIA,CARRERA 31 CALLE 35,URBANA,TECNICO,3.53235,-76.30079,DESOBEDESER SEÑAL,112,MOTOCICLISTA,CHOQUE,41,MASCULINO,LESIONADO,PALMIRA,MOTO,SUZUKI,RIONEGRO,PARTICULAR,NO APLICA
DAÑOS,03/12/2022 12:00:00 AM,"2,022",1899-12-31T12:00:00.000,TARDE,SABADO,VERSALLES,CALLE 42 CARRERA 28,URBANA,TECNICO,3.53811,-76.29737,PONER EN MARCHA VEHICULO SIN PRECAUCION,145,NO APLICA,CHOQUE,41,MASCULINO,NO APLICA,NO APLICA,CAMIONETA,RENAULT,BOGOTA,PARTICULAR,NO APLICA
DAÑOS,03/12/2022 12:00:00 AM,"2,022",1899-12-31T12:00:00.000,TARDE,SABADO,VERSALLES,CALLE 42 CARRERA 28,URBANA,TECNICO,3.53811,-76.29737,PONER EN MARCHA VEHICULO SIN PRECAUCION,145,NO APLICA,CHOQUE,48,MASCULINO,NO APLICA,NO APLICA,BUS,CHEVROLET,MOSQUERA,PUBLICO,NO APLICA
DAÑOS,03/12/2022 12:00:00 AM,"2,022",1899-12-31T13:00:00.000,TARDE,SABADO,PORTAL SEMBRADOR,CALLE 25A CARRERA 23,URBANA,TECNICO,3.52219,-76.29505,ARRANCAR SIN PRECAUCION,145,NO APLICA,CHOQUE,46,FEMENINA,NO APLICA,NO APLICA,AUTOMOVIL,RENAULT,CALI,PARTICULAR,NO APLICA
DAÑOS,03/12/2022 12:00:00 AM,"2,022",1899-12-31T13:00:00.000,TARDE,SABADO,PORTAL SEMBRADOR,CALLE 25A CARRERA 23,URBANA,TECNICO,3.52219,-76.29505,ARRANCAR SIN PRECAUCION,145,NO APLICA,CHOQUE,50,FEMENINA,NO APLICA,NO APLICA,AUTOMOVIL,CHEVROLET,CALI,PARTICULAR,NO APLICA
HERIDOS,03/12/2022 12:00:00 AM,"2,022",1899-12-31T14:00:00.000,TARDE,SABADO,BARRIO NUEVO,CARRERA 32 CALLE 26,URBANA,TECNICO,3.52408,-76.30303,DESOBEDESER SEÑAL,112,NO APLICA,CHOQUE,28,MASCULINO,NO APLICA,NO APLICA,BUSETA,NISSAN,CUNDINAMARCA,PUBLICO,EXPRESO EL CERRITO
HERIDOS,03/12/2022 12:00:00 AM,"2,022",1899-12-31T14:00:00.000,TARDE,SABADO,BARRIO NUEVO,CARRERA 32 CALLE 26,URBANA,TECNICO,3.52408,-76.30303,DESOBEDESER SEÑAL,112,MOTOCICLISTA,CHOQUE,35,MASCULINO,LESIONADO,PALMIRA,MOTO,BAJAJ,PALMIRA,PARTICULAR,NO APLICA
HERIDOS,03/12/2022 12:00:00 AM,"2,022",1899-12-31T14:00:00.000,TARDE,SABADO,BARRIO NUEVO,CARRERA 32 CALLE 26,URBANA,TECNICO,3.52408,-76.30303,DESOBEDESER SEÑAL,112,ACOMPAÑANTE MOTOCICLISTA,CHOQUE,35,MASCULINO,LESIONADO,PALMIRA,NO APLICA,NO APLICA,NO APLICA,NO APLICA,NO APLICA
HERIDOS,03/12/2022 12:00:00 AM,"2,022",1899-12-31T17:50:00.000,TARDE,SABADO,COLOMBIA,CARRERA 30 CALLE 38,URBANA,TECNICO,3.53505,-76.2993,DESOBEDESER SEÑAL,112,MOTOCICLISTA,CHOQUE,34,MASCULINO,LESIONADO,PALMIRA,MOTO,HERO,FLORIDA,PARTICULAR,NO APLICA
HERIDOS,03/12/2022 12:00:00 AM,"2,022",1899-12-31T17:50:00.000,TARDE,SABADO,COLOMBIA,CARRERA 30 CALLE 38,URBANA,TECNICO,3.53505,-76.2993,DESOBEDESER SEÑAL,112,MOTOCICLISTA,CHOQUE,22,MASCULINO,LESIONADO,PALMA,MOTO,SUZUKI,PALMIRA,PARTICULAR,NO APLICA
HERIDOS,03/12/2022 12:00:00 AM,"2,022",1899-12-31T17:50:00.000,TARDE,SABADO,COLOMBIA,CARRERA 30 CALLE 38,URBANA,TECNICO,3.53505,-76.2993,DESOBEDESER SEÑAL,112,ACOMPAÑANTE MOTOCICLISTA,CHOQUE,29,FEMENINA,LESIONADO,PALMIRA,NO APLICA,NO APLICA,NO APLICA,NO APLICA,NO APLICA
HERIDOS,03/12/2022 12:00:00 AM,"2,022",1899-12-31T17:50:00.000,TARDE,SABADO,COLOMBIA,CARRERA 30 CALLE 38,URBANA,TECNICO,3.53505,-76.2993,DESOBEDESER SEÑAL,112,ACOMPAÑANTE MOTOCICLISTA,CHOQUE,19,FEMENINA,LESIONADO,PALMA,NO APLICA,NO APLICA,NO APLICA,NO APLICA,NO APLICA
HERIDOS,03/12/2022 12:00:00 AM,"2,022",1899-12-31T17:50:00.000,TARDE,SABADO,COLOMBIA,CARRERA 30 CALLE 38,URBANA,TECNICO,3.53505,-76.2993,DESOBEDESER SEÑAL,112,ACOMPAÑANTE MOTOCICLISTA,CHOQUE,23,FEMENINA,LESIONADO,PALMA,NO APLICA,NO APLICA,NO APLICA,NO APLICA,NO APLICA
HERIDOS,03/12/2022 12:00:00 AM,"2,022",1899-12-31T17:30:00.000,TARDE,SABADO,RINCON DEL BOSQUE,CALLE 31 CARRERA 7-8,URBANA,TECNICO,3.52571,-76.28203,NO MANTENER DISTANCIA SEGURIDAD,121,NO APLICA,CHOQUE,66,MASCULINO,NO APLICA,NO APLICA,AUTOMOVIL,CHERY,PALMIRA,PARTICULAR,NO APLICA
HERIDOS,03/12/2022 12:00:00 AM,"2,022",1899-12-31T17:30:00.000,TARDE,SABADO,RINCON DEL BOSQUE,CALLE 31 CARRERA 7-8,URBANA,TECNICO,3.52571,-76.28203,NO MANTENER DISTANCIA SEGURIDAD,121,MOTOCICLISTA,CHOQUE,22,MASCULINO,LESIONADO,PALMIRA,MOTO,AKT,PRADERA,PARTICULAR,NO APLICA
DAÑOS,03/12/2022 12:00:00 AM,"2,022",1899-12-31T14:00:00.000,TARDE,SABADO,SAN PEDRO,CALLE 37 CARRERA 18,URBANA,TECNICO,3.53284,-76.28983,DESOBEDESER SEÑAL,112,NO APLICA,CHOQUE,44,MASCULINO,NO APLICA,NO APLICA,AUTOMOVIL,HYUNDAI,PALMIRA,PUBLICO,UNION DE TAXIS
DAÑOS,03/12/2022 12:00:00 AM,"2,022",1899-12-31T14:00:00.000,TARDE,SABADO,SAN PEDRO,CALLE 37 CARRERA 18,URBANA,TECNICO,3.53284,-76.28983,DESOBEDESER SEÑAL,112,NO APLICA,CHOQUE,25,MASCULINO,NO APLICA,NO APLICA,MOTO,VICTORY,PALMIRA,PARTICULAR,NO APLICA
HERIDOS,03/12/2022 12:00:00 AM,"2,022",1899-12-31T23:30:00.000,NOCHE,SABADO,COLOMBINA,CALLE 31 CARRERA 18,URBANA,TECNICO,3.52685,-76.2904,DESOBEDESER SEÑAL,112,NO APLICA,CHOQUE,28,FEMENINA,NO APLICA,NO APLICA,AUTOMOVIL,CHEVROLET,CALI,PARTICULAR,NO APLICA
HERIDOS,03/12/2022 12:00:00 AM,"2,022",1899-12-31T23:30:00.000,NOCHE,SABADO,COLOMBINA,CALLE 31 CARRERA 18,URBANA,TECNICO,3.52685,-76.2904,DESOBEDESER SEÑAL,112,CONDUCTOR,CHOQUE,54,FEMENINA,LESIONADO,PALMIRA,AUTOMOVIL,FIAT,CALI,PARTICULAR,NO APLICA
HERIDOS,03/12/2022 12:00:00 AM,"2,022",1899-12-31T23:30:00.000,NOCHE,SABADO,COLOMBINA,CALLE 31 CARRERA 18,URBANA,TECNICO,3.52685,-76.2904,DESOBEDESER SEÑAL,112,ACOMPAÑANTE MOTOCICLISTA,CHOQUE,2,FEMENINA,LESIONADO,PALMIRA,NO APLICA,NO APLICA,NO APLICA,NO APLICA,NO APLICA
HERIDOS,03/12/2022 12:00:00 AM,"2,022",1899-12-31T23:30:00.000,NOCHE,SABADO,COLOMBINA,CALLE 31 CARRERA 18,URBANA,TECNICO,3.52685,-76.2904,DESOBEDESER SEÑAL,112,ACOMPAÑANTE MOTOCICLISTA,CHOQUE,36,FEMENINA,LESIONADO,PALMIRA,NO APLICA,NO APLICA,NO APLICA,NO APLICA,NO APLICA
HERIDOS,03/12/2022 12:00:00 AM,"2,022",1899-12-31T23:30:00.000,NOCHE,SABADO,COLOMBINA,CALLE 31 CARRERA 18,URBANA,TECNICO,3.52685,-76.2904,DESOBEDESER SEÑAL,112,NO APLICA,CHOQUE,47,FEMENINA,NO APLICA,NO APLICA,AUTOMOVIL,CHEVROLET,PALMIRA,PARTICULAR,NO APLICA
DAÑOS,03/13/2022 12:00:00 AM,"2,022",1899-12-31T09:40:00.000,MAÑANA,DOMINGO,MONTECLARO,CARRERA 28 CALLE 74,URBANA,TECNICO,3.55977,-76.29091,NO ESTAR PENDIENTE DE LA VIA,157,NO APLICA,CHOQUE,48,MASCULINO,NO APLICA,NO APLICA,AUTOMOVIL,VOLKWAGEN,BOGOTA,PARTICULAR,NO APLICA
DAÑOS,03/13/2022 12:00:00 AM,"2,022",1899-12-31T09:40:00.000,MAÑANA,DOMINGO,MONTECLARO,CARRERA 28 CALLE 74,URBANA,TECNICO,3.55977,-76.29091,NO ESTAR PENDIENTE DE LA VIA,157,NO APLICA,CHOQUE,19,MASCULINO,NO APLICA,NO APLICA,MOTO,TVS,CALI,PARTICULAR,NO APLICA
DAÑOS,03/13/2022 12:00:00 AM,"2,022",1899-12-31T12:00:00.000,TARDE,DOMINGO,CAMPESTRE,CALLE 42 CARRERA 3,URBANA,TECNICO,3.5369,-76.27986,SEMAFORO EN ROJO,142,NO APLICA,CHOQUE,37,MASCULINO,NO APLICA,NO APLICA,AUTOMOVIL,KIA,CALI,PARTICULAR,NO APLICA
DAÑOS,03/13/2022 12:00:00 AM,"2,022",1899-12-31T12:00:00.000,TARDE,DOMINGO,CAMPESTRE,CALLE 42 CARRERA 3,URBANA,TECNICO,3.5369,-76.27986,SEMAFORO EN ROJO,142,NO APLICA,CHOQUE,55,MASCULINO,NO APLICA,NO APLICA,AUTOMOVIL,HYUNDAI,PALMIA,PUBLICO,NO APLICA
DAÑOS,03/13/2022 12:00:00 AM,"2,022",1899-12-31T13:00:00.000,TARDE,DOMINGO,PORTALES DEL RECREO,CALLE 21 CARRERA 30,URBANA,TECNICO,3.51976,-76.30206,DESOBEDESER SEÑAL,112,NO APLICA,CHOQUE,51,MASCULINO,NO APLICA,NO APLICA,AUTOMOVIL,NISSAN,JAMUNDI,PARTICULAR,NO APLICA
DAÑOS,03/13/2022 12:00:00 AM,"2,022",1899-12-31T13:00:00.000,TARDE,DOMINGO,PORTALES DEL RECREO,CALLE 21 CARRERA 30,URBANA,TECNICO,3.51976,-76.30206,DESOBEDESER SEÑAL,112,NO APLICA,CHOQUE,69,MASCULINO,NO APLICA,NO APLICA,AUTOMOVIL,SUZUKI,PALMIRA,PARTICULAR,NO APLICA
HERIDOS,03/13/2022 12:00:00 AM,"2,022",1899-12-31T21:40:00.000,NOCHE,DOMINGO,FRAY LUIS,CALLE 42 CARRERA 49-50,URBANA,TECNICO,3.53834,-76.31844,EMBRIAGUEZ APARENTE,115,MOTOCICLISTA,CHOQUE,28,MASCULINO,LESIONADO,PALMIRA,MOTO,SUZUKI,PRADERA,PARTICULAR,NO APLICA
HERIDOS,03/13/2022 12:00:00 AM,"2,022",1899-12-31T21:40:00.000,NOCHE,DOMINGO,FRAY LUIS,CALLE 42 CARRERA 49-50,URBANA,TECNICO,3.53834,-76.31844,EMBRIAGUEZ APARENTE,115,MOTOCICLISTA,CHOQUE,29,MASCULINO,LESIONADO,PALMIRA,MOTO,YAMAHA,CALI,PARTICULAR,NO APLICA
HERIDOS,03/13/2022 12:00:00 AM,"2,022",1899-12-31T23:30:00.000,NOCHE,DOMINGO,BARRIO NUEVO,CARRERA 30 CALLE 21,URBANA,TECNICO,3.51975,-76.30206,DESOBEDESER SEÑAL,112,MOTOCICLISTA,CHOQUE,23,FEMENINA,LESIONADO,PALMIRA,MOTO,SUZUKI,GUACARI,PARTICULAR,NO APLICA
HERIDOS,03/13/2022 12:00:00 AM,"2,022",1899-12-31T23:30:00.000,NOCHE,DOMINGO,BARRIO NUEVO,CARRERA 30 CALLE 21,URBANA,TECNICO,3.51975,-76.30206,DESOBEDESER SEÑAL,112,MOTOCICLISTA,CHOQUE,22,FEMENINA,LESIONADO,PALMIRA,MOTO,SUZUKI,PALMIRA,PARTICULAR,NO APLICA
HERIDOS,03/13/2022 12:00:00 AM,"2,022",1899-12-31T23:30:00.000,NOCHE,DOMINGO,BARRIO NUEVO,CARRERA 30 CALLE 21,URBANA,TECNICO,3.51975,-76.30206,DESOBEDESER SEÑAL,112,ACOMPAÑANTE MOTOCICLISTA,CHOQUE,26,FEMENINA,LESIONADO,PALMIRA,NO APLICA,NO APLICA,NO APLICA,NO APLICA,NO APLICA
HERIDOS,03/13/2022 12:00:00 AM,"2,022",1899-12-31T15:00:00.000,TARDE,DOMINGO,SAN PEDRO,CALLE 37 CARRERA 15,URBANA,TECNICO,3.53312,-76.2874,DESOBEDESER SEÑAL,112,MOTOCICLISTA,CHOQUE,24,MASCULINO,LESIONADO,IPS POSITIVA,MOTO,HONDA,FLORIDA,PARTICULAR,NO APLICA
HERIDOS,03/13/2022 12:00:00 AM,"2,022",1899-12-31T15:00:00.000,TARDE,DOMINGO,SAN PEDRO,CALLE 37 CARRERA 15,URBANA,TECNICO,3.53312,-76.2874,DESOBEDESER SEÑAL,112,NO APLICA,CHOQUE,55,MASCULINO,NO APLICA,NO APLICA,AUTOMOVIL,KIA,CALI,PARTICULAR,NO APLICA
HERIDOS,03/13/2022 12:00:00 AM,"2,022",1899-12-31T15:00:00.000,TARDE,DOMINGO,SAN PEDRO,CALLE 37 CARRERA 15,URBANA,TECNICO,3.53312,-76.2874,DESOBEDESER SEÑAL,112,ACOMPAÑANTE MOTOCICLISTA,CHOQUE,28,MASCULINO,LESIONADO,IPS POSITIVA,NO APLICA,NO APLICA,NO APLICA,NO APLICA,NO APLICA
DAÑOS,03/14/2022 12:00:00 AM,"2,022",1899-12-31T07:30:00.000,MAÑANA,LUNES,VERSALLES,CALLE 42 CARRERA 28,URBANA,TECNICO,3.53783,-76.29723,NO ESTAR PENDIENTE DE LA VIA,157,NO APLICA,CHOQUE,59,MASCULINO,NO APLICA,NO APLICA,TRACTO CAMION,INTERNATIONAL,CALI,PUBLICO,NO APLICA
DAÑOS,03/14/2022 12:00:00 AM,"2,022",1899-12-31T07:30:00.000,MAÑANA,LUNES,VERSALLES,CALLE 42 CARRERA 28,URBANA,TECNICO,3.53783,-76.29723,NO ESTAR PENDIENTE DE LA VIA,157,NO APLICA,CHOQUE,38,FEMENINA,NO APLICA,NO APLICA,CAMIONETA,CHEVROLET,BUGA,PARTICULAR,NO APLICA
DAÑOS,03/14/2022 12:00:00 AM,"2,022",1899-12-31T13:40:00.000,TARDE,LUNES,SANTA RITA,CALLE 36 CARRERA 28,URBANA,TECNICO,3.5328,-76.29804,SEMAFORO EN ROJO,142,NO APLICA,CHOQUE,28,MASCULINO,NO APLICA,NO APLICA,AUTOMOVIL,CHEVROLET,CALI,PARTICULAR,NO APLICA
DAÑOS,03/14/2022 12:00:00 AM,"2,022",1899-12-31T13:40:00.000,TARDE,LUNES,SANTA RITA,CALLE 36 CARRERA 28,URBANA,TECNICO,3.5328,-76.29804,SEMAFORO EN ROJO,142,NO APLICA,CHOQUE,22,MASCULINO,NO APLICA,NO APLICA,MOTO,BAJAJ,TULUA,PARTICULAR,NO APLICA
HERIDOS,03/14/2022 12:00:00 AM,"2,022",1899-12-31T14:00:00.000,TARDE,LUNES,TRINIDAD,CALLE 31 CARRERA 22,URBANA,TECNICO,3.5273,-76.29376,DESOBEDESER SEÑAL,112,MOTOCICLISTA,CHOQUE,50,MASCULINO,LESIONADO,IPS POSITIVA,AUTOMOVIL,HYUNDAI,PALMIRA,PUBLICO,UNITAX
HERIDOS,03/14/2022 12:00:00 AM,"2,022",1899-12-31T22:30:00.000,NOCHE,LUNES,ZAMORANO,CALLE 65 CARRERA 28-200,URBANA,TECNICO,3.55284,-76.29477,ADELANTAR INVADIENDO CARRIL,104,MOTOCICLISTA,CHOQUE,29,MASCULINO,LESIONADO,PALMIRA,MOTO,SUZUKI,YUMBO,PARTICULAR,NO APLICA
HERIDOS,03/14/2022 12:00:00 AM,"2,022",1899-12-31T22:30:00.000,NOCHE,LUNES,ZAMORANO,CALLE 65 CARRERA 28-200,URBANA,TECNICO,3.55284,-76.29477,ADELANTAR INVADIENDO CARRIL,104,NO APLICA,CHOQUE,18,MASCULINO,NO APLICA,NO APLICA,AUTOMOVIL,HYUNDAI,BOGOTA,PARTICULAR,NO APLICA
HERIDOS,03/14/2022 12:00:00 AM,"2,022",1899-12-31T22:30:00.000,NOCHE,LUNES,ZAMORANO,CALLE 65 CARRERA 28-200,URBANA,TECNICO,3.55284,-76.29477,ADELANTAR INVADIENDO CARRIL,104,ACOMPAÑANTE MOTOCICLISTA,CHOQUE,21,FEMENINA,LESIONADO,PALMIRA,NO APLICA,NO APLICA,NO APLICA,NO APLICA,NO APLICA
MUERTO,03/15/2022 12:00:00 AM,"2,022",1899-12-31T08:30:00.000,MAÑANA,MARTES,BRISAS DEL BOLO,CALLE 32 CARRERA 35,URBANA,TECNICO,3.52991,-76.30549,ARRANCAR SIN PRECAUCION,145,MOTOCICLISTA,CHOQUE,67,MASCULINO,MUERTO,PALMA,MOTO,BAJAJ,GUACARI,PARTICULAR,NO APLICA
HERIDOS,03/15/2022 12:00:00 AM,"2,022",1899-12-31T08:30:00.000,MAÑANA,MARTES,BRISAS DEL BOLO,CALLE 32 CARRERA 35,URBANA,TECNICO,3.52991,-76.30549,ARRANCAR SIN PRECAUCION,145,NO APLICA,CHOQUE,74,MASCULINO,NO APLICA,NO APLICA,CAMIONETA,NISSAN,CALI,PARTICULAR,NO APLICA
HERIDOS,03/15/2022 12:00:00 AM,"2,022",1899-12-31T08:30:00.000,MAÑANA,MARTES,BRISAS DEL BOLO,CALLE 32 CARRERA 35,URBANA,TECNICO,3.52991,-76.30549,ARRANCAR SIN PRECAUCION,145,ACOMPAÑANTE MOTOCICLISTA,CHOQUE,23,FEMENINA,LESIONADO,PALMA,NO APLICA,NO APLICA,NO APLICA,NO APLICA,NO APLICA
HERIDOS,03/15/2022 12:00:00 AM,"2,022",1899-12-31T11:30:00.000,MAÑANA,MARTES,INDUSTRIA,CALLE 42 CARRERA 35,URBANA,TECNICO,3.53872,-76.30622,NO RESPETAR PRELACION,132,MOTOCICLISTA,CHOQUE,66,MASCULINO,LESIONADO,PALMIRA,MOTO,SUZUKI,PALMIRA,PARTICULAR,NO APLICA
HERIDOS,03/15/2022 12:00:00 AM,"2,022",1899-12-31T11:30:00.000,MAÑANA,MARTES,INDUSTRIA,CALLE 42 CARRERA 35,URBANA,TECNICO,3.53872,-76.30622,NO RESPETAR PRELACION,132,MOTOCICLISTA,CHOQUE,25,MASCULINO,LESIONADO,PALMIRA,MOTO,SUZUKI,YUMBO,PARTICULAR,NO APLICA
HERIDOS,03/15/2022 12:00:00 AM,"2,022",1899-12-31T11:30:00.000,MAÑANA,MARTES,INDUSTRIA,CALLE 42 CARRERA 35,URBANA,TECNICO,3.53872,-76.30622,NO RESPETAR PRELACION,132,ACOMPAÑANTE MOTOCICLISTA,CHOQUE,25,MASCULINO,LESIONADO,PALMIRA,NO APLICA,NO APLICA,NO APLICA,NO APLICA,NO APLICA
HERIDOS,03/15/2022 12:00:00 AM,"2,022",1899-12-31T17:20:00.000,TARDE,MARTES,BIZERTA,CALLE 37 CARRERA 22,URBANA,TECNICO,3.53301,-76.29302,DESOBEDESER SEÑAL,112,NO APLICA,CHOQUE,58,FEMENINA,NO APLICA,NO APLICA,AUTOMOVIL,KIA,CALI,PARTICULAR,NO APLICA
HERIDOS,03/15/2022 12:00:00 AM,"2,022",1899-12-31T17:20:00.000,TARDE,MARTES,BIZERTA,CALLE 37 CARRERA 22,URBANA,TECNICO,3.53301,-76.29302,DESOBEDESER SEÑAL,112,NO APLICA,CHOQUE,24,MASCULINO,NO APLICA,NO APLICA,MOTO,HONDA,TULUA,PARTICULAR,NO APLICA
HERIDOS,03/15/2022 12:00:00 AM,"2,022",1899-12-31T17:20:00.000,TARDE,MARTES,BIZERTA,CALLE 37 CARRERA 22,URBANA,TECNICO,3.53301,-76.29302,DESOBEDESER SEÑAL,112,ACOMPAÑANTE MOTOCICLISTA,CHOQUE,11,FEMENINA,LESIONADO,RAUL,NO APLICA,NO APLICA,NO APLICA,NO APLICA,NO APLICA
HERIDOS,03/16/2022 12:00:00 AM,"2,022",1899-12-31T07:30:00.000,MAÑANA,MIERCOLES,SAN CAYETANO,CALLE 40 CARRERA 21,URBANA,TECNICO,3.53561,-76.29182,DESOBEDESER SEÑAL,112,MOTOCICLISTA,CHOQUE,40,MASCULINO,LESIONADO,PALMA,MOTO,BAJAJ,FLORIDA,PARTICULAR,NO APLICA
HERIDOS,03/16/2022 12:00:00 AM,"2,022",1899-12-31T07:30:00.000,MAÑANA,MIERCOLES,SAN CAYETANO,CALLE 40 CARRERA 21,URBANA,TECNICO,3.53561,-76.29182,DESOBEDESER SEÑAL,112,MOTOCICLISTA,CHOQUE,20,MASCULINO,LESIONADO,IPS POSITIVA,MOTO,VICTORY,FLORIDA,PARTICULAR,NO APLICA
DAÑOS,03/16/2022 12:00:00 AM,"2,022",1899-12-31T11:30:00.000,MAÑANA,MIERCOLES,PRADO,CALLE 42 CARRERA 39-40,URBANA,TECNICO,3.53897,-76.31026,NO MANTENER DISTANCIA SEGURIDAD,121,NO APLICA,CHOQUE,32,FEMENINA,NO APLICA,NO APLICA,AUTOMOVIL,MAZDA,PALMIRA,PARTICULAR,NO APLICA
DAÑOS,03/16/2022 12:00:00 AM,"2,022",1899-12-31T11:30:00.000,MAÑANA,MIERCOLES,PRADO,CALLE 42 CARRERA 39-40,URBANA,TECNICO,3.53897,-76.31026,NO MANTENER DISTANCIA SEGURIDAD,121,NO APLICA,CHOQUE,38,MASCULINO,NO APLICA,NO APLICA,MOTO,AKT,PRADERA,PARTICULAR,NO APLICA
HERIDOS,03/17/2022 12:00:00 AM,"2,022",1899-12-31T09:40:00.000,MAÑANA,JUEVES,BARRIO NUEVO,CARRERA 29 CALLE 21,URBANA,TECNICO,3.5196,-76.30088,CRUZAR SIN OBSERVAR,409,MOTOCICLISTA,ATROPELLO,21,MASCULINO,LESIONADO,PALMIRA,MOTO,SUZUKI,PALMIRA,PARTICULAR,NO APLICA
HERIDOS,03/17/2022 12:00:00 AM,"2,022",1899-12-31T09:40:00.000,MAÑANA,JUEVES,BARRIO NUEVO,CARRERA 29 CALLE 21,URBANA,TECNICO,3.5196,-76.30088,CRUZAR SIN OBSERVAR,409,PEATON,ATROPELLO,20,FEMENINA,LESIONADO,PALMIRA,NO APLICA,NO APLICA,NO APLICA,NO APLICA,NO APLICA
HERIDOS,03/17/2022 12:00:00 AM,"2,022",1899-12-31T16:30:00.000,TARDE,JUEVES,CENTRO POBLADO POTRERILLO,AVENIDAD 4 CALLE 3,RURAL,TECNICO,3.55493,-76.20109,NO RESPETAR PRELACION,132,MOTOCICLISTA,CHOQUE,44,MASCULINO,LESIONADO,PALMIRA,MOTO,JINCHENG,EL CERRITO,PARTICULAR,NO APLICA
HERIDOS,03/17/2022 12:00:00 AM,"2,022",1899-12-31T16:30:00.000,TARDE,JUEVES,CENTRO POBLADO POTRERILLO,AVENIDAD 4 CALLE 3,RURAL,TECNICO,3.55493,-76.20109,NO RESPETAR PRELACION,132,MOTOCICLISTA,CHOQUE,82,MASCULINO,LESIONADO,PALMIRA,MOTO,HONDA,PALMIRA,PARTICULAR,NO APLICA
DAÑOS,03/18/2022 12:00:00 AM,"2,022",1899-12-31T11:45:00.000,MAÑANA,VIERNES,OBRERO,CALLE 35 CARRERA 24-48,URBANA,TECNICO,3.5316,-76.29535,ARRANCAR SIN PRECAUCION,145,NO APLICA,CHOQUE,16,MASCULINO,NO APLICA,NO APLICA,MOTO,HONDA,PRADERA,PARTICULAR,NO APLICA
DAÑOS,03/18/2022 12:00:00 AM,"2,022",1899-12-31T11:45:00.000,MAÑANA,VIERNES,OBRERO,CALLE 35 CARRERA 24-48,URBANA,TECNICO,3.5316,-76.29535,ARRANCAR SIN PRECAUCION,145,NO APLICA,CHOQUE,53,FEMENINA,NO APLICA,NO APLICA,AUTOMOVIL,RENAULT,PALMIRA,PARTICULAR,NO APLICA