CLASE ACCIDENTE,FECHA,AÑO,HORA,JORNADA,DIA_SEMANA,BARRIOS-CORREGIMIENTO- VIA,DIRECCION,ZONA,AUTORIDAD,LAT,LONG,HIPOTESIS,CODIGO,CONDICION DE LA VICTIMA,GRAVEDAD,EDAD,GENERO,LESIONADOS Y MUERTOS,CLINICA,CLASE VEHICULO,MARCA,MATRICULA,TIPO DE SERVICIO,EMPRESA
HERIDOS,03/26/2022 12:00:00 AM,"2,022",1899-12-31T09:10:00.000,MAÑANA,SABADO,OBRERO,CALLE 34 CARRERA26,URBANA,TECNICO,3.53088,-76.29663,ARRANCAR SIN PRECAUCION,145,MOTOCICLISTA,CHOQUE,35,MASCULINO,LESIONADO,PALMIRA,MOTO,BAJAJ,FLORIDA,PARTICULAR,NO APLICA
HERIDOS,03/26/2022 12:00:00 AM,"2,022",1899-12-31T09:10:00.000,MAÑANA,SABADO,OBRERO,CALLE 34 CARRERA26,URBANA,TECNICO,3.53088,-76.29663,ARRANCAR SIN PRECAUCION,145,ACOMPAÑANTE MOTOCICLISTA,CHOQUE,29,FEMENINA,LESIONADO,PALMIRA,NO APLICA,NO APLICA,NO APLICA,NO APLICA,NO APLICA
DAÑOS,03/26/2022 12:00:00 AM,"2,022",1899-12-31T08:50:00.000,MAÑANA,SABADO,ESTONIA,CALLE 47 CARRERA 32 -01,URBANA,TECNICO,3.54233,-76.30075,NO MANTENER DISTANCIA SEGURIDAD,121,NO APLICA,CHOQUE,27,FEMENINA,NO APLICA,NO APLICA,MOTO,TVS,PALMIRA,PARTICULAR,NO APLICA
DAÑOS,03/26/2022 12:00:00 AM,"2,022",1899-12-31T08:50:00.000,MAÑANA,SABADO,ESTONIA,CALLE 47 CARRERA 32 -01,URBANA,TECNICO,3.54233,-76.30075,NO MANTENER DISTANCIA SEGURIDAD,121,NO APLICA,CHOQUE,58,MASCULINO,NO APLICA,NO APLICA,CAMIONETA,CHEVROLET,CALI,PARTICULAR,NO APLICA
DAÑOS,03/27/2022 12:00:00 AM,"2,022",1899-12-31T07:10:00.000,MAÑANA,DOMINGO,ZAMORANO,DIAGONAL 63 CARRERA 33 -10,URBANA,TECNICO,3.55756,-76.30087,TRANSITAR EN CONTRA VIA,127,NO APLICA,CHOQUE,48,MASCULINO,NO APLICA,NO APLICA,CAMIONETA,HYUNDAI,PALMIRA,PARTICULAR,NO APLICA
DAÑOS,03/27/2022 12:00:00 AM,"2,022",1899-12-31T07:10:00.000,MAÑANA,DOMINGO,ZAMORANO,DIAGONAL 63 CARRERA 33 -10,URBANA,TECNICO,3.55756,-76.30087,TRANSITAR EN CONTRA VIA,127,NO APLICA,CHOQUE,59,MASCULINO,NO APLICA,NO APLICA,MOTO,HERO,FLORIDA,PARTICULAR,NO APLICA
DAÑOS,03/27/2022 12:00:00 AM,"2,022",1899-12-31T00:40:00.000,MADRUGADA,DOMINGO,COLOMBIA,CALLE 39 CARRERA 33,URBANA,TECNICO,3.5363,-76.30252,TRANSITAR EN CONTRA VIA,127,NO APLICA,CHOQUE,51,MASCULINO,NO APLICA,NO APLICA,AUTOMOVIL,CHEVROLET,PALMIRA,PARTICULAR,NO APLICA
DAÑOS,03/27/2022 12:00:00 AM,"2,022",1899-12-31T00:40:00.000,MADRUGADA,DOMINGO,COLOMBIA,CALLE 39 CARRERA 33,URBANA,TECNICO,3.5363,-76.30252,TRANSITAR EN CONTRA VIA,127,NO APLICA,CHOQUE,39,MASCULINO,NO APLICA,NO APLICA,AUTOMOVIL,CHEVROLET,PALMIRA,PUBLICO,COOTRANSPAL
DAÑOS,03/28/2022 12:00:00 AM,"2,022",1899-12-31T07:00:00.000,MAÑANA,LUNES,RINCON DEL BOSQUE,CALLE 31 CARRERA 9,URBANA,TECNICO,3.52592,-76.28335,TRANSITA POR CICLCO RUTA,122,NO APLICA,CHOQUE,60,MASCULINO,NO APLICA,NO APLICA,MOTO,BAJAJ,TULUA,PARTICULAR,NO APLICA
DAÑOS,03/28/2022 12:00:00 AM,"2,022",1899-12-31T07:00:00.000,MAÑANA,LUNES,RINCON DEL BOSQUE,CALLE 31 CARRERA 9,URBANA,TECNICO,3.52592,-76.28335,TRANSITA POR CICLCO RUTA,122,NO APLICA,CHOQUE,37,FEMENINA,NO APLICA,NO APLICA,AUTOMOVIL,KIA,PALMIRA,PARTICULAR,NO APLICA
HERIDOS,03/26/2022 12:00:00 AM,"2,022",1899-12-31T14:30:00.000,TARDE,SABADO,CENTRO,CALLE 28 CARRERA 31,URBANA,TECNICO,3.52574,-76.30195,SEMAFORO EN ROJO,142,MOTOCICLISTA,CHOQUE,29,MASCULINO,LESIONADO,PALMIRA,MOTO,SUZUKI,FLORIDA,PARTICULAR,NO APLICA
HERIDOS,03/26/2022 12:00:00 AM,"2,022",1899-12-31T14:30:00.000,TARDE,SABADO,CENTRO,CALLE 28 CARRERA 31,URBANA,TECNICO,3.52574,-76.30195,SEMAFORO EN ROJO,142,NO APLICA,CHOQUE,26,MASCULINO,NO APLICA,NO APLICA,AUTOMOVIL,KIA,CALI,PARTICULAR,NO APLICA
HERIDOS,03/26/2022 12:00:00 AM,"2,022",1899-12-31T20:20:00.000,NOCHE,SABADO,LA CONCORDIA,CALLE 36 CARRERA 39,URBANA,TECNICO,3.53344,-76.30897,TRANSITAR EN CONTRA VIA,127,NO APLICA,CHOQUE,31,MASCULINO,NO APLICA,NO APLICA,AUTOMOVIL,FORD,CALI,PARTICULAR,NO APLICA
HERIDOS,03/26/2022 12:00:00 AM,"2,022",1899-12-31T20:20:00.000,NOCHE,SABADO,LA CONCORDIA,CALLE 36 CARRERA 39,URBANA,TECNICO,3.53344,-76.30897,TRANSITAR EN CONTRA VIA,127,MOTOCICLISTA,CHOQUE,60,MASCULINO,LESIONADO,PALMIRA,MOTO,BAJAJ,PALMIRA,PARTICULAR,NO APLICA
HERIDOS,03/26/2022 12:00:00 AM,"2,022",1899-12-31T20:20:00.000,NOCHE,SABADO,LA CONCORDIA,CALLE 36 CARRERA 39,URBANA,TECNICO,3.53344,-76.30897,TRANSITAR EN CONTRA VIA,127,ACOMPAÑANTE MOTOCICLISTA,CHOQUE,21,FEMENINA,LESIONADO,PALMIRA,NO APLICA,NO APLICA,NO APLICA,NO APLICA,NO APLICA
HERIDOS,03/28/2022 12:00:00 AM,"2,022",1899-12-31T12:00:00.000,TARDE,LUNES,BIZERTA,CALLE 36 CARRERA 22,URBANA,TECNICO,3.53219,-76.29315,IMPERICIA EN EL MANEJO,139,MOTOCICLISTA,CHOQUE,16,MASCULINO,LESIONADO,PALMA,MOTO,YAMAHA,PRADERA,PARTICULAR,NO APLICA
HERIDOS,03/28/2022 12:00:00 AM,"2,022",1899-12-31T12:00:00.000,TARDE,LUNES,BIZERTA,CALLE 36 CARRERA 22,URBANA,TECNICO,3.53219,-76.29315,IMPERICIA EN EL MANEJO,139,NO APLICA,CHOQUE,81,MASCULINO,NO APLICA,NO APLICA,AUTOMOVIL,SUZUKI,EL CERRITO,PARTICULAR,NO APLICA
DAÑOS,03/28/2022 12:00:00 AM,"2,022",1899-12-31T14:00:00.000,TARDE,LUNES,ZAMORANO,CARRERA 28 CALLE 70,URBANA,TECNICO,3.5573,-76.29127,ADELANTAR ZONA PROHIBIDAD,105,NO APLICA,CHOQUE,43,MASCULINO,NO APLICA,NO APLICA,MOTO,HONDA,PALMIRA,PARTICULAR,NO APLICA
DAÑOS,03/28/2022 12:00:00 AM,"2,022",1899-12-31T14:00:00.000,TARDE,LUNES,ZAMORANO,CARRERA 28 CALLE 70,URBANA,TECNICO,3.5573,-76.29127,ADELANTAR ZONA PROHIBIDAD,105,NO APLICA,CHOQUE,50,MASCULINO,NO APLICA,NO APLICA,BUS,HINO,GUACARI,PUBLICO,NO APLICA
DAÑOS,03/28/2022 12:00:00 AM,"2,022",1899-12-31T16:30:00.000,TARDE,LUNES,SIMON BOLIVAR,CARRERA 38 CALLE 55,URBANA,TECNICO,3.54684,-76.31015,NO RESPETAR PRELACION,123,NO APLICA,CHOQUE,45,MASCULINO,NO APLICA,NO APLICA,CAMIONETA,NISSAN,CALI,PARTICULAR,NO APLICA
DAÑOS,03/28/2022 12:00:00 AM,"2,022",1899-12-31T16:30:00.000,TARDE,LUNES,SIMON BOLIVAR,CARRERA 38 CALLE 55,URBANA,TECNICO,3.54684,-76.31015,NO RESPETAR PRELACION,123,NO APLICA,CHOQUE,61,MASCULINO,NO APLICA,NO APLICA,MOTO,AKT,PRADERA,PARTICULAR,NO APLICA
HERIDOS,03/28/2022 12:00:00 AM,"2,022",1899-12-31T17:00:00.000,TARDE,LUNES,FRAY LUIS,CALLE 42 CARRERA 46-77,URBANA,TECNICO,3.53874,-76.31547,INVDIR CARRIL SENTIDO CONTRARIO,157,MOTOCICLISTA,CHOQUE,41,MASCULINO,LESIONADO,PALMA,MOTO,BAJAJ,GUACARI,PARTICULAR,NO APLICA
HERIDOS,03/28/2022 12:00:00 AM,"2,022",1899-12-31T17:00:00.000,TARDE,LUNES,FRAY LUIS,CALLE 42 CARRERA 46-77,URBANA,TECNICO,3.53874,-76.31547,INVDIR CARRIL SENTIDO CONTRARIO,157,NO APLICA,CHOQUE,48,MASCULINO,NO APLICA,NO APLICA,MOTO,HONDA,FLORIDA,PARTICULAR,NO APLICA
HERIDOS,03/28/2022 12:00:00 AM,"2,022",1899-12-31T17:00:00.000,TARDE,LUNES,FRAY LUIS,CALLE 42 CARRERA 46-77,URBANA,TECNICO,3.53874,-76.31547,INVDIR CARRIL SENTIDO CONTRARIO,157,ACOMPAÑANTE MOTOCICLISTA,CHOQUE,37,FEMENINA,LESIONADO,PALMA,NO APLICA,NO APLICA,NO APLICA,NO APLICA,NO APLICA
HERIDOS,03/29/2022 12:00:00 AM,"2,022",1899-12-31T12:30:00.000,TARDE,MARTES,BARRIO NUEVO,CARRERA 33 A CALLE 25-70,URBANA,TECNICO,3.5236,-76.30366,NO MANTENER DISTANCIA SEGURIDAD,121,MOTOCICLISTA,CHOQUE,39,FEMENINA,LESIONADO,PALMIRA,MOTO,HONDA,GUACARI,PARTICULAR,NO APLICA
HERIDOS,03/29/2022 12:00:00 AM,"2,022",1899-12-31T12:30:00.000,TARDE,MARTES,BARRIO NUEVO,CARRERA 33 A CALLE 25-70,URBANA,TECNICO,3.5236,-76.30366,NO MANTENER DISTANCIA SEGURIDAD,121,NO APLICA,CHOQUE,16,MASCULINO,NO APLICA,NO APLICA,AUTOMOVIL,CHEVROLET,CALI,PARTICULAR,NO APLICA
HERIDOS,03/29/2022 12:00:00 AM,"2,022",1899-12-31T17:50:00.000,TARDE,MARTES,CAMPESTRE,CALLE 42 CARRERA 9-8,URBANA,TECNICO,3.53687,-76.28204,INVADDIR CARRIL SENTIDO CONTRARIO,157,MOTOCICLISTA,CHOQUE,43,MASCULINO,LESIONADO,PALMA,MOTO,SUZUKI,GUACARI,PARTICULAR,NO APLICA
HERIDOS,03/29/2022 12:00:00 AM,"2,022",1899-12-31T17:50:00.000,TARDE,MARTES,CAMPESTRE,CALLE 42 CARRERA 9-8,URBANA,TECNICO,3.53687,-76.28204,INVADDIR CARRIL SENTIDO CONTRARIO,157,NO APLICA,CHOQUE,58,MASCULINO,NO APLICA,NO APLICA,MOTO,HERO,FLORIDA,PARTICULAR,NO APLICA
HERIDOS,03/29/2022 12:00:00 AM,"2,022",1899-12-31T17:50:00.000,TARDE,MARTES,CAMPESTRE,CALLE 42 CARRERA 9-8,URBANA,TECNICO,3.53687,-76.28204,INVADDIR CARRIL SENTIDO CONTRARIO,157,ACOMPAÑANTE MOTOCICLISTA,CHOQUE,34,MASCULINO,LESIONADO,PALMA,NO APLICA,NO APLICA,NO APLICA,NO APLICA,NO APLICA
HERIDOS,03/30/2022 12:00:00 AM,"2,022",1899-12-31T23:00:00.000,NOCHE,MIERCOLES,URIBE,CARRERA 23 CALLE 34,URBANA,TECNICO,3.53055,-76.29412,NO MANTENER DISTANCIA SEGURIDAD,121,MOTOCICLISTA,CHOQUE,52,FEMENINA,LESIONADO,PALMA,MOTO,SUZUKI,CALI,PARTICULAR,NO APLICA
HERIDOS,03/30/2022 12:00:00 AM,"2,022",1899-12-31T23:00:00.000,NOCHE,MIERCOLES,URIBE,CARRERA 23 CALLE 34,URBANA,TECNICO,3.53055,-76.29412,NO MANTENER DISTANCIA SEGURIDAD,121,NO APLICA,CHOQUE,79,MASCULINO,NO APLICA,NO APLICA,AUTOMOVIL,CHEVROLET,PALMIRA,PARTICULAR,NO APLICA
HERIDOS,03/30/2022 12:00:00 AM,"2,022",1899-12-31T18:00:00.000,NOCHE,MIERCOLES,EMILIA,CALLE 36 CARRERA 36,URBANA,TECNICO,3.53391,-76.30657,DESOBEDESER SEÑAL,112,MOTOCICLISTA,CHOQUE,57,MASCULINO,LESIONADO,PALMIRA,MOTO,BAJAJ,PRADERA,PARTICULAR,NO APLICA
HERIDOS,03/30/2022 12:00:00 AM,"2,022",1899-12-31T18:00:00.000,NOCHE,MIERCOLES,EMILIA,CALLE 36 CARRERA 36,URBANA,TECNICO,3.53391,-76.30657,DESOBEDESER SEÑAL,112,NO APLICA,CHOQUE,62,MASCULINO,NO APLICA,NO APLICA,AUTOMOVIL,MAZDA,CANDELARIA,PARTICULAR,NO APLICA
DAÑOS,03/30/2022 12:00:00 AM,"2,022",1899-12-31T13:30:00.000,TARDE,MIERCOLES,CENTRO,CALLE 27 CARRERA 30-27,URBANA,TECNICO,3.52481,-76.3018,ARRANCAR SIN PRECAUCION,143,NO APLICA,CHOQUE,41,MASCULINO,NO APLICA,NO APLICA,AUTOMOVIL,HYUNDAI,CALI,PARTICULAR,NO APLICA
DAÑOS,03/30/2022 12:00:00 AM,"2,022",1899-12-31T13:30:00.000,TARDE,MIERCOLES,CENTRO,CALLE 27 CARRERA 30-27,URBANA,TECNICO,3.52481,-76.3018,ARRANCAR SIN PRECAUCION,143,NO APLICA,CHOQUE,42,MASCULINO,NO APLICA,NO APLICA,AUTOMOVIL,MAZDA,CALI,PARTICULAR,NO APLICA
DAÑOS,03/31/2022 12:00:00 AM,"2,022",1899-12-31T08:00:00.000,MAÑANA,JUEVES,SANTA RITA,CARRERA 28 CALLE 38-40,URBANA,TECNICO,3.53537,-76.29763,NO MANTENER DISTANCIA SEGURIDAD,121,NO APLICA,CHOQUE,29,MASCULINO,NO APLICA,NO APLICA,AUTOMOVIL,KIA,CALI,PARTICULAR,NO APLICA
DAÑOS,03/31/2022 12:00:00 AM,"2,022",1899-12-31T08:00:00.000,MAÑANA,JUEVES,SANTA RITA,CARRERA 28 CALLE 38-40,URBANA,TECNICO,3.53537,-76.29763,NO MANTENER DISTANCIA SEGURIDAD,121,NO APLICA,CHOQUE,35,MASCULINO,NO APLICA,NO APLICA,AUTOMOVIL,CHEVROLET,PAMIRA,PARTICULAR,NO APLICA
DAÑOS,03/31/2022 12:00:00 AM,"2,022",1899-12-31T11:20:00.000,MAÑANA,JUEVES,BARRIO NUEVO,CARRERA 32 CALLE 23,URBANA,TECNICO,3.5215,-76.30336,GIRAR BRUSCAMENTE,122,NO APLICA,CHOQUE,70,MASCULINO,NO APLICA,NO APLICA,AUTOMOVIL,SUZUKI,PALMIRA,PARTICULAR,NO APLICA
DAÑOS,03/31/2022 12:00:00 AM,"2,022",1899-12-31T11:20:00.000,MAÑANA,JUEVES,BARRIO NUEVO,CARRERA 32 CALLE 23,URBANA,TECNICO,3.5215,-76.30336,GIRAR BRUSCAMENTE,122,NO APLICA,CHOQUE,39,MASCULINO,NO APLICA,NO APLICA,MOTO,SUZUKI,PALMIRA,PARTICULAR,NO APLICA
DAÑOS,03/31/2022 12:00:00 AM,"2,022",1899-12-31T14:00:00.000,TARDE,JUEVES,VERSALLES,CALLE 42 CARRERA 28-47,URBANA,TECNICO,3.53797,-76.29759,ADELANTAR POR LA DERECHA,102,NO APLICA,CHOQUE,29,MASCULINO,NO APLICA,NO APLICA,AUTOMOVIL,CHEVROLET,PALMIRA,PARTICULAR,NO APLICA
HERIDOS,04/01/2022 12:00:00 AM,"2,022",1899-12-31T11:30:00.000,MAÑANA,VIERNES,BARRIO NUEVO,CARRERA 31 CALLE 26-34,URBANA,TECNICO,3.52432,-76.30218,ADELANTAR CERRANDO,103,MOTOCICLISTA,CHOQUE,59,MASCULINO,LESIONADO,PALMIRA,MOTO,HONDA,LA DORADA,PARTICULAR,NO APLICA
HERIDOS,04/01/2022 12:00:00 AM,"2,022",1899-12-31T11:30:00.000,MAÑANA,VIERNES,BARRIO NUEVO,CARRERA 31 CALLE 26-34,URBANA,TECNICO,3.52432,-76.30218,ADELANTAR CERRANDO,103,NO APLICA,CHOQUE,55,MASCULINO,NO APLICA,NO APLICA,MOTOCARRO,DAYUN,YOTOCO,PARTICULAR,NO APLICA
HERIDOS,04/01/2022 12:00:00 AM,"2,022",1899-12-31T11:30:00.000,MAÑANA,VIERNES,BARRIO NUEVO,CARRERA 31 CALLE 26-34,URBANA,TECNICO,3.52432,-76.30218,ADELANTAR CERRANDO,103,ACOMPAÑANTE MOTOCICLISTA,CHOQUE,29,FEMENINA,LESIONADO,PALMIRA,NO APLICA,NO APLICA,NO APLICA,NO APLICA,NO APLICA
HERIDOS,04/01/2022 12:00:00 AM,"2,022",1899-12-31T14:20:00.000,TARDE,VIERNES,OBRERO,CALLE 35 CARRERA 26,URBANA,TECNICO,3.53174,-76.29643,DESOBEDESER SEÑAL,112,NO APLICA,CHOQUE,39,FEMENINA,NO APLICA,NO APLICA,CAMPERO,TOYOTA,BOGOTA,PARTICULAR,NO APLICA
HERIDOS,04/01/2022 12:00:00 AM,"2,022",1899-12-31T14:20:00.000,TARDE,VIERNES,OBRERO,CALLE 35 CARRERA 26,URBANA,TECNICO,3.53174,-76.29643,DESOBEDESER SEÑAL,112,MOTOCICLISTA,CHOQUE,29,MASCULINO,LESIONADO,PALMIRA,MOTO,HONDA,GUACARI,PARTICULAR,NO APLICA
DAÑOS,04/01/2022 12:00:00 AM,"2,022",1899-12-31T17:00:00.000,TARDE,VIERNES,PRADO,CALLE 41 CARRERA 41,URBANA,TECNICO,3.53784,-76.31145,ARRANCAR SIN PRECAUCION,145,NO APLICA,CHOQUE,69,MASCULINO,NO APLICA,NO APLICA,AUTOMOVIL,RENAULT,CALI,PARTICULAR,NO APLICA
DAÑOS,04/01/2022 12:00:00 AM,"2,022",1899-12-31T17:00:00.000,TARDE,VIERNES,PRADO,CALLE 41 CARRERA 41,URBANA,TECNICO,3.53784,-76.31145,ARRANCAR SIN PRECAUCION,145,NO APLICA,CHOQUE,40,MASCULINO,NO APLICA,NO APLICA,MOTO,AKT,PALMIRA,PARTICULAR,NO APLICA
HERIDOS,04/02/2022 12:00:00 AM,"2,022",1899-12-31T03:40:00.000,MADRUGADA,SABADO,TRINIDAD,CALLE 31 CARRERA 20,URBANA,TECNICO,3.52709,-76.29209,DESOBEDESER SEÑAL,112,NO APLICA,CHOQUE,53,MASCULINO,NO APLICA,NO APLICA,AUTOMOVIL,HYUNDAI,PALMIRA,PUBLICO,UNITAX
HERIDOS,04/02/2022 12:00:00 AM,"2,022",1899-12-31T03:40:00.000,MADRUGADA,SABADO,TRINIDAD,CALLE 31 CARRERA 20,URBANA,TECNICO,3.52709,-76.29209,DESOBEDESER SEÑAL,112,MOTOCICLISTA,CHOQUE,30,MASCULINO,LESIONADO,PALMA,MOTO,BAJAJ,BELLO,PARTICULAR,NO APLICA
HERIDOS,04/02/2022 12:00:00 AM,"2,022",1899-12-31T12:10:00.000,TARDE,SABADO,LOS PINOS,CALLE 42 CARRERA 22,URBANA,TECNICO,3.53723,-76.29241,NO RESPETAR PRELACION,132,MOTOCICLISTA,CHOQUE,65,MASCULINO,LESIONADO,PALMIRA,MOTO,HERO,JAMUNDI,PARTICULAR,NO APLICA
HERIDOS,04/02/2022 12:00:00 AM,"2,022",1899-12-31T20:40:00.000,NOCHE,SABADO,GUAYACANES INGENIO,CARRERA 19 CALLE 27,URBANA,TECNICO,3.52348,-76.29158,DESOBEDESER SEÑAL,112,NO APLICA,CHOQUE,18,MASCULINO,NO APLICA,NO APLICA,CAMIONETA,DODGE,CALI,PARTICULAR,NO APLICA
HERIDOS,04/02/2022 12:00:00 AM,"2,022",1899-12-31T20:40:00.000,NOCHE,SABADO,GUAYACANES INGENIO,CARRERA 19 CALLE 27,URBANA,TECNICO,3.52348,-76.29158,DESOBEDESER SEÑAL,112,MOTOCICLISTA,CHOQUE,38,FEMENINA,LESIONADO,PALMIRA,MOTO,HONDA,GUACARI,PARTICULAR,NO APLICA
HERIDOS,04/02/2022 12:00:00 AM,"2,022",1899-12-31T20:40:00.000,NOCHE,SABADO,GUAYACANES INGENIO,CARRERA 19 CALLE 27,URBANA,TECNICO,3.52348,-76.29158,DESOBEDESER SEÑAL,112,ACOMPAÑANTE MOTOCICLISTA,CHOQUE,19,MASCULINO,LESIONADO,PALMIRA,NO APLICA,NO APLICA,NO APLICA,NO APLICA,NO APLICA
DAÑOS,04/02/2022 12:00:00 AM,"2,022",1899-12-31T18:30:00.000,NOCHE,SABADO,SAN PEDRO,CALLE 42 CARRERA 18-39,URBANA,TECNICO,3.53701,-76.29008,NO ESTAR PENDIENTE DE LA VIA,157,NO APLICA,CHOQUE,54,MASCULINO,NO APLICA,NO APLICA,CAMPERO,HONDA,CALI,PARTICULAR,NO APLICA
DAÑOS,04/02/2022 12:00:00 AM,"2,022",1899-12-31T19:40:00.000,NOCHE,SABADO,CENTRO,CALLE 32 CARRERA 27-10,URBANA,TECNICO,3.5286,-76.29775,ARRANCAR SIN PRECAUCION,145,NO APLICA,CHOQUE,38,MASCULINO,NO APLICA,NO APLICA,AUTOMOVIL,RENAULT,IBAGUE,PARTICULAR,NO APLICA
DAÑOS,04/02/2022 12:00:00 AM,"2,022",1899-12-31T19:40:00.000,NOCHE,SABADO,CENTRO,CALLE 32 CARRERA 27-10,URBANA,TECNICO,3.5286,-76.29775,ARRANCAR SIN PRECAUCION,145,NO APLICA,CHOQUE,56,MASCULINO,NO APLICA,NO APLICA,AUTOMOVIL,KIA,PALMIRA,PUBLICO,PALMERAS
HERIDOS,04/03/2022 12:00:00 AM,"2,022",1899-12-31T00:10:00.000,MADRUGADA,DOMINGO,CUIDAD DEL CAMPO,CALLE 101 CARRERA 37,RURAL,TECNICO,3.4575,-76.46355,TRANSITAR EN CONTRA VIA,127,MOTOCICLISTA,CHOQUE,28,MASCULINO,LESIONADO,REY DAVID,MOTO,TVS,CALI,PARTICULAR,NO APLICA
HERIDOS,04/03/2022 12:00:00 AM,"2,022",1899-12-31T00:10:00.000,MADRUGADA,DOMINGO,CUIDAD DEL CAMPO,CALLE 101 CARRERA 37,RURAL,TECNICO,3.4575,-76.46355,TRANSITAR EN CONTRA VIA,127,NO APLICA,CHOQUE,52,MASCULINO,NO APLICA,NO APLICA,AUTOMOVIL,RENAULT,CALI,PARTICULAR,NO APLICA
HERIDOS,04/03/2022 12:00:00 AM,"2,022",1899-12-31T00:10:00.000,MADRUGADA,DOMINGO,CUIDAD DEL CAMPO,CALLE 101 CARRERA 37,RURAL,TECNICO,3.4575,-76.46355,TRANSITAR EN CONTRA VIA,127,ACOMPAÑANTE MOTOCICLISTA,CHOQUE,35,FEMENINA,LESIONADO,REY DAVID,NO APLICA,NO APLICA,NO APLICA,NO APLICA,NO APLICA
DAÑOS,04/03/2022 12:00:00 AM,"2,022",1899-12-31T15:10:00.000,TARDE,DOMINGO,SANTA ISABEL,CARRERA 28 CALLE 43-02,URBANA,TECNICO,3.53916,-76.29702,ARRANCAR SIN PRECAUCION,145,NO APLICA,CHOQUE,44,MASCULINO,NO APLICA,NO APLICA,BUSETA,HINO,FUNZA,PUBLICO,COODETRANS PALMIRA
DAÑOS,04/03/2022 12:00:00 AM,"2,022",1899-12-31T15:10:00.000,TARDE,DOMINGO,SANTA ISABEL,CARRERA 28 CALLE 43-02,URBANA,TECNICO,3.53916,-76.29702,ARRANCAR SIN PRECAUCION,145,NO APLICA,CHOQUE,72,MASCULINO,NO APLICA,NO APLICA,AUTOMOVIL,KIA,CALI,PARTICULAR,NO APLICA
HERIDOS,04/04/2022 12:00:00 AM,"2,022",1899-12-31T07:10:00.000,MAÑANA,LUNES,IGNACIO TORRES,CALLE 51 CARRERA 36B-38,URBANA,TECNICO,3.54456,-76.30907,ADELANTAR CERRANDO,103,NO APLICA,CHOQUE,47,MASCULINO,NO APLICA,NO APLICA,MOTO,HONDA,CALI,PARTICULAR,NO APLICA
HERIDOS,04/04/2022 12:00:00 AM,"2,022",1899-12-31T07:10:00.000,MAÑANA,LUNES,IGNACIO TORRES,CALLE 51 CARRERA 36B-38,URBANA,TECNICO,3.54456,-76.30907,ADELANTAR CERRANDO,103,MOTOCICLISTA,CHOQUE,38,MASCULINO,LESIONADO,PALMIRA,MOTO,YAMAHA,CALI,PARTICULAR,NO APLICA
HERIDOS,04/04/2022 12:00:00 AM,"2,022",1899-12-31T11:50:00.000,MAÑANA,LUNES,COLOMBINA,CALLE 28 CARRERA 19,URBANA,TECNICO,3.5243,-76.29069,PONER EN MARCHA VEHICULO SIN PRECAUCION,143,MOTOCICLISTA,CHOQUE,21,MASCULINO,LESIONADO,IPS POSITIVA,MOTO,BAJAJ,PALMIRA,PARTICULAR,NO APLICA
HERIDOS,04/04/2022 12:00:00 AM,"2,022",1899-12-31T11:50:00.000,MAÑANA,LUNES,COLOMBINA,CALLE 28 CARRERA 19,URBANA,TECNICO,3.5243,-76.29069,PONER EN MARCHA VEHICULO SIN PRECAUCION,143,MOTOCICLISTA,CHOQUE,48,MASCULINO,LESIONADO,IPS POSITIVA,MOTO,BAJAJ,PALMIRA,PARTICULAR,NO APLICA
DAÑOS,04/05/2022 12:00:00 AM,"2,022",1899-12-31T08:00:00.000,MAÑANA,MARTES,BARRIO NUEVO,CALLE 20 CARRERA 33A-57,URBANA,TECNICO,3.51924,-76.30522,NO ESTAR PENDIENTE DE LA VIA,157,NO APLICA,CHOQUE,27,MASCULINO,NO APLICA,NO APLICA,AUTOMOVIL,SUZUKI,PALMIRA,PARTICULAR,NO APLICA
DAÑOS,04/05/2022 12:00:00 AM,"2,022",1899-12-31T08:00:00.000,MAÑANA,MARTES,BARRIO NUEVO,CALLE 20 CARRERA 33A-57,URBANA,TECNICO,3.51924,-76.30522,NO ESTAR PENDIENTE DE LA VIA,157,NO APLICA,CHOQUE,53,MASCULINO,NO APLICA,NO APLICA,CAMIONETA,FORD,CALI,PARTICULAR,NO APLICA
HERIDOS,04/05/2022 12:00:00 AM,"2,022",1899-12-31T12:30:00.000,TARDE,MARTES,COLOMBIA,CALLE 33 CARRERA 31,URBANA,TECNICO,3.53076,-76.30106,SEMAFORO EN ROJO,142,MOTOCICLISTA,CHOQUE,33,MASCULINO,LESIONADO,PALMIRA,MOTO,HONDA,ZARZAL,PARTICULAR,NO APLICA
HERIDOS,04/05/2022 12:00:00 AM,"2,022",1899-12-31T12:30:00.000,TARDE,MARTES,COLOMBIA,CALLE 33 CARRERA 31,URBANA,TECNICO,3.53076,-76.30106,SEMAFORO EN ROJO,142,MOTOCICLISTA,CHOQUE,19,FEMENINA,LESIONADO,PALMIRA,MOTO,AKT,PRADERA,PARTICULAR,NO APLICA