CLASE ACCIDENTE,FECHA,AÑO,HORA,JORNADA,DIA_SEMANA,BARRIOS-CORREGIMIENTO- VIA,DIRECCION,ZONA,AUTORIDAD,LAT,LONG,HIPOTESIS,CODIGO,CONDICION DE LA VICTIMA,GRAVEDAD,EDAD,GENERO,LESIONADOS Y MUERTOS,CLINICA,CLASE VEHICULO,MARCA,MATRICULA,TIPO DE SERVICIO,EMPRESA
DAÑOS,04/05/2022 12:00:00 AM,"2,022",1899-12-31T14:00:00.000,TARDE,MARTES,CENTRO,CALLE 28 CARRERA 25 -56,URBANA,TECNICO,3.52495,-76.29705,NO ESTAR PENDIENTE DE LA VIA,157,NO APLICA,CHOQUE,67,MASCULINO,NO APLICA,NO APLICA,CAMIONETA,SUZUKI,CANDELARIA,PARTICULAR,NO APLICA
DAÑOS,04/05/2022 12:00:00 AM,"2,022",1899-12-31T14:00:00.000,TARDE,MARTES,CENTRO,CALLE 28 CARRERA 25 -56,URBANA,TECNICO,3.52495,-76.29705,NO ESTAR PENDIENTE DE LA VIA,157,NO APLICA,CHOQUE,52,MASCULINO,NO APLICA,NO APLICA,CAMION,MAZDA,CALI,PUBLICO,NO APLICA
DAÑOS,04/05/2022 12:00:00 AM,"2,022",1899-12-31T15:40:00.000,TARDE,MARTES,SANTA RITA,CARRERA 28 CALLE 36-18,URBANA,TECNICO,3.53328,-76.29801,NO MANTENER DISTANCIA SEGURIDAD,121,NO APLICA,CHOQUE,23,FEMENINA,NO APLICA,NO APLICA,AUTOMOVIL,KIA,PALMIRA,PARTICULAR,NO APLICA
DAÑOS,04/05/2022 12:00:00 AM,"2,022",1899-12-31T15:40:00.000,TARDE,MARTES,SANTA RITA,CARRERA 28 CALLE 36-18,URBANA,TECNICO,3.53328,-76.29801,NO MANTENER DISTANCIA SEGURIDAD,121,NO APLICA,CHOQUE,65,FEMENINA,NO APLICA,NO APLICA,AUTOMOVIL,HONDA,BOGOTA,PARTICULAR,NO APLICA
DAÑOS,04/05/2022 12:00:00 AM,"2,022",1899-12-31T15:40:00.000,TARDE,MARTES,SANTA RITA,CARRERA 28 CALLE 36-18,URBANA,TECNICO,3.53328,-76.29801,NO MANTENER DISTANCIA SEGURIDAD,121,NO APLICA,CHOQUE,54,MASCULINO,NO APLICA,NO APLICA,AUTOMOVIL,HYUNDAI,PALMIRA,PUBLICO,COOTRANSPAL
DAÑOS,04/05/2022 12:00:00 AM,"2,022",1899-12-31T17:50:00.000,TARDE,MARTES,BERLIN,CARRERA 32 CALLE 43,URBANA,TECNICO,3.53914,-76.30076,TRANSITAR EN CONTRA VIA,127,NO APLICA,CHOQUE,15,MASCULINO,NO APLICA,NO APLICA,MOTO,AUTECO,PEREIRA,PARTICULAR,NO APLICA
HERIDOS,05/13/2022 12:00:00 AM,"2,022",1899-12-31T17:30:00.000,TARDE,VIERNES,VIA PALMIRA BARRANCAS,KM 13,RURAL,TECNICO,,,REALIZAR U,146,MOTOCICLISTA,CHOQUE,59,MASCULINO,LESIONADO,PALMIRA,MOTO,AKT,PRADERA,PARTICULAR,NO APLICA
DAÑOS,04/05/2022 12:00:00 AM,"2,022",1899-12-31T17:50:00.000,TARDE,MARTES,BERLIN,CARRERA 32 CALLE 43,URBANA,TECNICO,3.53914,-76.30076,TRANSITAR EN CONTRA VIA,127,NO APLICA,CHOQUE,44,MASCULINO,NO APLICA,NO APLICA,AUTOMOVIL,CHEVROLET,PALMIRA,PUBLICO,UNITAX
HERIDOS,04/06/2022 12:00:00 AM,"2,022",1899-12-31T14:40:00.000,TARDE,MIERCOLES,BARRIO NUEVO,CARRERA 31 CALLE 27,URBANA,TECNICO,3.52488,-76.3021,DESOBEDESER SEÑAL,112,MOTOCICLISTA,CHOQUE,46,FEMENINA,LESIONADO,PALMIRA,MOTO,AUTECO,PALMIRA,PARTICULAR,NO APLICA
HERIDOS,04/06/2022 12:00:00 AM,"2,022",1899-12-31T14:40:00.000,TARDE,MIERCOLES,BARRIO NUEVO,CARRERA 31 CALLE 27,URBANA,TECNICO,3.52488,-76.3021,DESOBEDESER SEÑAL,112,NO APLICA,CHOQUE,32,FEMENINA,NO APLICA,NO APLICA,AUTOMOVIL,RENAULT,PALMIRA,PARTICULAR,NO APLICA
DAÑOS,04/06/2022 12:00:00 AM,"2,022",1899-12-31T15:40:00.000,TARDE,MIERCOLES,PRADO,CARRERA 41 CALLE 35,URBANA,TECNICO,3.53228,-76.31135,SEMAFORO EN ROJO,142,NO APLICA,CHOQUE,36,MASCULINO,NO APLICA,NO APLICA,MOTO,SUZUKI,PALMIRA,PARTICULAR,NO APLICA
DAÑOS,04/06/2022 12:00:00 AM,"2,022",1899-12-31T15:40:00.000,TARDE,MIERCOLES,PRADO,CARRERA 41 CALLE 35,URBANA,TECNICO,3.53228,-76.31135,SEMAFORO EN ROJO,142,NO APLICA,CHOQUE,54,MASCULINO,NO APLICA,NO APLICA,CAMIONETA,RENAULT,PALMIRA,PARTICULAR,NO APLICA
DAÑOS,04/06/2022 12:00:00 AM,"2,022",1899-12-31T16:00:00.000,TARDE,MIERCOLES,VIA AEROPUERTO ZONA FRANCA PALMASECA,PUERTA 5 ZONZ DE CARGUE,RURAL,TECNICO,3.54637,-76.38761,LA PUEERTA MAL ASEGURADA,157,NO APLICA,CHOQUE PUERTA,79,MASCULINO,NO APLICA,NO APLICA,CAMION,HYUNDAI,CALI,PARTICULAR,NO APLICA
DAÑOS,04/07/2022 12:00:00 AM,"2,022",1899-12-31T07:30:00.000,MAÑANA,JUEVES,CENTRO,CALLE 28 CARRERA 33,URBANA,TECNICO,3.52594,-76.30351,DESOBEDESER SEÑAL,112,NO APLICA,CHOQUE,32,MASCULINO,NO APLICA,NO APLICA,AUTOMOVIL,FORD,CALI,PARTICULAR,NO APLICA
DAÑOS,04/07/2022 12:00:00 AM,"2,022",1899-12-31T07:30:00.000,MAÑANA,JUEVES,CENTRO,CALLE 28 CARRERA 33,URBANA,TECNICO,3.52594,-76.30351,DESOBEDESER SEÑAL,112,NO APLICA,CHOQUE,41,MASCULINO,NO APLICA,NO APLICA,AUTOMOVIL,KIA,CALI,PARTICULAR,NO APLICA
HERIDOS,04/07/2022 12:00:00 AM,"2,022",1899-12-31T10:10:00.000,MAÑANA,JUEVES,FRAY LUIS,CALLE 42 CARRERA 39-29,URBANA,TECNICO,3.53885,-76.30971,CAMBIO DE CARRIL CON O SIN INDICACION,157,MOTOCICLISTA,CHOQUE,63,MASCULINO,LESIONADO,PALMIRA,MOTO,SUZUKI,TULUA,PARTICULAR,NO APLICA
HERIDOS,04/07/2022 12:00:00 AM,"2,022",1899-12-31T10:10:00.000,MAÑANA,JUEVES,FRAY LUIS,CALLE 42 CARRERA 39-29,URBANA,TECNICO,3.53885,-76.30971,CAMBIO DE CARRIL CON O SIN INDICACION,157,NO APLICA,CHOQUE,63,MASCULINO,NO APLICA,NO APLICA,MOTO,VICTORY,FLORIDA,PARTICULAR,NO APLICA
HERIDOS,04/07/2022 12:00:00 AM,"2,022",1899-12-31T10:10:00.000,MAÑANA,JUEVES,FRAY LUIS,CALLE 42 CARRERA 39-29,URBANA,TECNICO,3.53885,-76.30971,CAMBIO DE CARRIL CON O SIN INDICACION,157,NO APLICA,CHOQUE,53,MASCULINO,NO APLICA,NO APLICA,CAMIONETA,VOLKWAGEN,TULUA,PARTICULAR,NO APLICA
DAÑOS,04/07/2022 12:00:00 AM,"2,022",1899-12-31T13:45:00.000,TARDE,JUEVES,TRINIDAD,CALLE 31 CARRERA 21,URBANA,TECNICO,3.52719,-76.29291,DESOBEDESER SEÑAL,112,NO APLICA,CHOQUE,21,MASCULINO,NO APLICA,NO APLICA,AUTOMOVIL,CHEVROLET,PALMIRA,PARTICULAR,NO APLICA
DAÑOS,04/07/2022 12:00:00 AM,"2,022",1899-12-31T13:45:00.000,TARDE,JUEVES,TRINIDAD,CALLE 31 CARRERA 21,URBANA,TECNICO,3.52719,-76.29291,DESOBEDESER SEÑAL,112,NO APLICA,CHOQUE,38,MASCULINO,NO APLICA,NO APLICA,MOTO,BAJAJ,PRADERA,PARTICULAR,NO APLICA
DAÑOS,04/07/2022 12:00:00 AM,"2,022",1899-12-31T16:00:00.000,TARDE,JUEVES,SAN CAYETANO,CALLE 42 CARRERA 26-53,URBANA,TECNICO,3.53784,-76.29591,NO RESPETAR PRELACION,132,NO APLICA,CHOQUE,32,MASCULINO,NO APLICA,NO APLICA,AUTOMOVIL,KIA,PALMIRA,PARTICULAR,NO APLICA
DAÑOS,04/07/2022 12:00:00 AM,"2,022",1899-12-31T16:00:00.000,TARDE,JUEVES,SAN CAYETANO,CALLE 42 CARRERA 26-53,URBANA,TECNICO,3.53784,-76.29591,NO RESPETAR PRELACION,132,NO APLICA,CHOQUE,24,MASCULINO,NO APLICA,NO APLICA,MOTO,YAMAHA,PRADERA,PARTICULAR,NO APLICA
DAÑOS,04/08/2022 12:00:00 AM,"2,022",1899-12-31T10:45:00.000,MAÑANA,VIERNES,SANTA RITA,CALLE 33 CARRERA 27 -40,URBANA,TECNICO,3.53023,-76.29793,NO MANTENER DISTANCIA SEGURIDAD,121,NO APLICA,CHOQUE,48,MASCULINO,NO APLICA,NO APLICA,MOTO,SUZUKI,FLORIDA,PARTICULAR,NO APLICA
DAÑOS,04/08/2022 12:00:00 AM,"2,022",1899-12-31T10:45:00.000,MAÑANA,VIERNES,SANTA RITA,CALLE 33 CARRERA 27 -40,URBANA,TECNICO,3.53023,-76.29793,NO MANTENER DISTANCIA SEGURIDAD,121,NO APLICA,CHOQUE,40,MASCULINO,NO APLICA,NO APLICA,MICROBUS,HYUNDAI,PALMIRA,PARTICULAR,NO APLICA
DAÑOS,04/09/2022 12:00:00 AM,"2,022",1899-12-31T10:30:00.000,MAÑANA,SABADO,SANTA TERESITA,CARRERA 35 CALLE 49-50,URBANA,TECNICO,3.54399,-76.30758,NO MANTENER DISTANCIA SEGURIDAD,121,NO APLICA,CHOQUE,31,MASCULINO,NO APLICA,NO APLICA,CAMIONETA,RENAULT,FUNZA,PARTICULAR,NO APLICA
DAÑOS,04/09/2022 12:00:00 AM,"2,022",1899-12-31T10:30:00.000,MAÑANA,SABADO,SANTA TERESITA,CARRERA 35 CALLE 49-50,URBANA,TECNICO,3.54399,-76.30758,NO MANTENER DISTANCIA SEGURIDAD,121,NO APLICA,CHOQUE,47,MASCULINO,NO APLICA,NO APLICA,MOTOCARRO,AYCO,PALMIRA,PUBLICO,NO APLICA
DAÑOS,04/09/2022 12:00:00 AM,"2,022",1899-12-31T11:00:00.000,MAÑANA,SABADO,LIBERTADORES,CALLE 28 CARRERA 21-17,URBANA,TECNICO,3.52458,-76.29362,REVERSO IMPRUDENTE,134,NO APLICA,CHOQUE,25,MASCULINO,NO APLICA,NO APLICA,AUTOMOVIL,FORD,CALI,PARTICULAR,NO APLICA
DAÑOS,04/09/2022 12:00:00 AM,"2,022",1899-12-31T11:00:00.000,MAÑANA,SABADO,LIBERTADORES,CALLE 28 CARRERA 21-17,URBANA,TECNICO,3.52458,-76.29362,REVERSO IMPRUDENTE,134,NO APLICA,CHOQUE,63,MASCULINO,NO APLICA,NO APLICA,CAMIONETA,SUZUKI,PALMIRA,PARTICULAR,NO APLICA
DAÑOS,04/09/2022 12:00:00 AM,"2,022",1899-12-31T10:40:00.000,MAÑANA,SABADO,AEROPUERTO,PISO 1 PUERTA 2,RURAL,TECNICO,3.53524,-76.38837,ARRANCAR SIN PRECAUCION,145,NO APLICA,CHOQUE,29,MASCULINO,NO APLICA,NO APLICA,AUTOMOVIL,RENAULT,CALI,PARTICULAR,NO APLICA
DAÑOS,04/09/2022 12:00:00 AM,"2,022",1899-12-31T10:40:00.000,MAÑANA,SABADO,AEROPUERTO,PISO 1 PUERTA 2,RURAL,TECNICO,3.53524,-76.38837,ARRANCAR SIN PRECAUCION,145,NO APLICA,CHOQUE,39,MASCULINO,NO APLICA,NO APLICA,BUSEA,HINO,PALMIRA,PARTICULAR,NO APLICA
DAÑOS,04/09/2022 12:00:00 AM,"2,022",1899-12-31T11:50:00.000,MAÑANA,SABADO,CHAPINERO SUR,DIAGONAL 4 TRASNVERSAL 31G,URBANA,TECNICO,3.50467,-76.3136,PERDIDA DEL CONTROL DEL VEHICULO,157,NO APLICA,CHOQUE,24,MASCULINO,NO APLICA,NO APLICA,MOTO,AKT,PRADERA,PARTICULAR,NO APLICA
DAÑOS,04/09/2022 12:00:00 AM,"2,022",1899-12-31T11:50:00.000,MAÑANA,SABADO,CHAPINERO SUR,DIAGONAL 4 TRASNVERSAL 31G,URBANA,TECNICO,3.50467,-76.3136,PERDIDA DEL CONTROL DEL VEHICULO,157,NO APLICA,CHOQUE,24,MASCULINO,NO APLICA,NO APLICA,AUTOMOVIL,RENAULT,CALI,PARTICULAR,NO APLICA
MUERTO,04/10/2022 12:00:00 AM,"2,022",1899-12-31T07:35:00.000,MAÑANA,DOMINGO,SAN PEDRO,CALLE 40 CARRERA 15-32,URBANA,TECNICO,3.53566,-76.28791,POR ESTABLECER,157,MOTOCICLISTA,CHOQUE POSTE,26,MASCULINO,MUERTO,NO APLICA,MOTO,BAJAJ,RIO NEGRO,PARTICULAR,NO APLICA
DAÑOS,04/11/2022 12:00:00 AM,"2,022",1899-12-31T08:30:00.000,MAÑANA,LUNES,CENTRO,CARRERA 26 CALLE 30-56,URBANA,TECNICO,3.52631,-76.29735,GIRAR BRUSCAMENTE,122,NO APLICA,CHOQUE,56,MASCULINO,NO APLICA,NO APLICA,MOTO,HONDA,GUACARI,PARTICULAR,NO APLICA
DAÑOS,04/11/2022 12:00:00 AM,"2,022",1899-12-31T08:30:00.000,MAÑANA,LUNES,CENTRO,CARRERA 26 CALLE 30-56,URBANA,TECNICO,3.52631,-76.29735,GIRAR BRUSCAMENTE,122,NO APLICA,CHOQUE,22,MASCULINO,NO APLICA,NO APLICA,AUTOMOVIL,CHEVROLET,JAMUNDI,PARTICULAR,NO APLICA
DAÑOS,04/11/2022 12:00:00 AM,"2,022",1899-12-31T10:10:00.000,MAÑANA,LUNES,PRADO,CALLE 42 CARRERA 39-12,URBANA,TECNICO,3.53896,-76.30993,NO MANTENER DISTANCIA SEGURIDAD,121,NO APLICA,CHOQUE,22,MASCULINO,NO APLICA,NO APLICA,MOTO,BAJAJ,FLORIDA,PARTICULAR,NO APLICA
DAÑOS,04/11/2022 12:00:00 AM,"2,022",1899-12-31T10:10:00.000,MAÑANA,LUNES,PRADO,CALLE 42 CARRERA 39-12,URBANA,TECNICO,3.53896,-76.30993,NO MANTENER DISTANCIA SEGURIDAD,121,NO APLICA,CHOQUE,48,MASCULINO,NO APLICA,NO APLICA,BUS,HINO,GUACARI,PUBLICO,TRANSOTE SOLARTE
MUERTO,04/10/2022 12:00:00 AM,"2,022",1899-12-31T17:00:00.000,TARDE,DOMINGO,CENTRO,CARRERA 32 CALLE 28-06,URBANA,TECNICO,3.52586,-76.30268,POR ESTABLECER,157,PEATON,ATROPELLO,83,MASCULINO,MUERTO,NO APLICA,NO APLICA,NO APLICA,NO APLICA,NO APLICA,NO APLICA
HERIDOS,04/11/2022 12:00:00 AM,"2,022",1899-12-31T18:40:00.000,NOCHE,LUNES,BENEDICTA,CALLE 47 CARRERA 34A,URBANA,TECNICO,3.54256,-76.30287,ARRANCAR SIN PRECAUCION,145,MOTOCICLISTA,CHOQUE,23,MASCULINO,LESIONADO,IPS POSITIVA,MOTO,BAJAJ,FLORIDA,PARTICULAR,NO APLICA
HERIDOS,04/11/2022 12:00:00 AM,"2,022",1899-12-31T18:40:00.000,NOCHE,LUNES,BENEDICTA,CALLE 47 CARRERA 34A,URBANA,TECNICO,3.54256,-76.30287,ARRANCAR SIN PRECAUCION,145,NO APLICA,CHOQUE,26,MASCULINO,NO APLICA,NO APLICA,AUTOMOVIL,KIA,CALI,PARTICULAR,NO APLICA
HERIDOS,04/12/2022 12:00:00 AM,"2,022",1899-12-31T12:20:00.000,TARDE,MARTES,URIBE,CALLE 33 CARRERA 24,URBANA,TECNICO,3.52987,-76.29517,DESOBEDESER SEÑAL,112,MOTOCICLISTA,CHOQUE,54,MASCULINO,LESIONADO,PALMIRA,MOTO,HONDA,FLORIDA,PARTICULAR,NO APLICA
HERIDOS,04/12/2022 12:00:00 AM,"2,022",1899-12-31T12:20:00.000,TARDE,MARTES,URIBE,CALLE 33 CARRERA 24,URBANA,TECNICO,3.52987,-76.29517,DESOBEDESER SEÑAL,112,NO APLICA,CHOQUE,44,MASCULINO,NO APLICA,NO APLICA,AUTOMOVIL,SUZUKI,FUNZA,PARTICULAR,NO APLICA
DAÑOS,04/13/2022 12:00:00 AM,"2,022",1899-12-31T08:20:00.000,MAÑANA,MIERCOLES,ZONA FRANCA PACIFICO,CALLE 4 CARRERA 5,RURAL,TECNICO,3.56325,-76.45009,FALLA SOPORTE QUINTA RUEDA,217,NO APLICA,VOLCAMIENTO,61,MASCULINO,NO APLICA,NO APLICA,TRACTO CAMION,FORD,CALI,PUBLICO,NO APLICA
HERIDOS,04/13/2022 12:00:00 AM,"2,022",1899-12-31T16:50:00.000,TARDE,MIERCOLES,EMILIA,CALLE 36 CARRERA 37,URBANA,TECNICO,3.53375,-76.30736,ARRANCAR SIN PRECAUCION,145,MOTOCICLISTA,CHOQUE,27,MASCULINO,LESIONADO,PALMA,MOTO,BAJAJ,PALMIRA,PARTICULAR,NO APLICA
HERIDOS,04/13/2022 12:00:00 AM,"2,022",1899-12-31T16:50:00.000,TARDE,MIERCOLES,EMILIA,CALLE 36 CARRERA 37,URBANA,TECNICO,3.53375,-76.30736,ARRANCAR SIN PRECAUCION,145,NO APLICA,CHOQUE,22,MASCULINO,NO APLICA,NO APLICA,AUTOMOVIL,AUDI,CALARCA,PARTICULAR,NO APLICA
HERIDOS,04/13/2022 12:00:00 AM,"2,022",1899-12-31T16:50:00.000,TARDE,MIERCOLES,EMILIA,CALLE 36 CARRERA 37,URBANA,TECNICO,3.53375,-76.30736,ARRANCAR SIN PRECAUCION,145,ACOMPAÑANTE MOTOCICLISTA,CHOQUE,37,MASCULINO,LESIONADO,PALMA,NO APLICA,NO APLICA,NO APLICA,NO APLICA,NO APLICA
HERIDOS,04/15/2022 12:00:00 AM,"2,022",1899-12-31T12:00:00.000,TARDE,VIERNES,CENTRO,CARRERA 28 CALLE 27,URBANA,TECNICO,3.52443,-76.29935,DESOBEDESER SEÑAL,112,CICLISTA,CHOQUE,79,MASCULINO,LESIONADO,PALMA,BICICLETA,NO APLICA,NO APLICA,PARTICULAR,NO APLICA
HERIDOS,04/15/2022 12:00:00 AM,"2,022",1899-12-31T12:00:00.000,TARDE,VIERNES,CENTRO,CARRERA 28 CALLE 27,URBANA,TECNICO,3.52443,-76.29935,DESOBEDESER SEÑAL,112,NO APLICA,CHOQUE,21,MASCULINO,NO APLICA,NO APLICA,AUTOMOVIL,KIA,POPAYAN,PARTICULAR,NO APLICA
HERIDOS,04/15/2022 12:00:00 AM,"2,022",1899-12-31T20:59:00.000,NOCHE,VIERNES,PRIMERO DE MAYO,CALLE 41 CARRERA 13,URBANA,TECNICO,3.53637,-76.28575,TRANSITAR EN CONTRA VIA,127,NO APLICA,CHOQUE,22,MASCULINO,NO APLICA,NO APLICA,AUTOMOVIL,KIA,PALMIRA,PUBLICO,FLOTA PALMIRA
HERIDOS,04/15/2022 12:00:00 AM,"2,022",1899-12-31T20:59:00.000,NOCHE,VIERNES,PRIMERO DE MAYO,CALLE 41 CARRERA 13,URBANA,TECNICO,3.53637,-76.28575,TRANSITAR EN CONTRA VIA,127,MOTOCICLISTA,CHOQUE,19,MASCULINO,LESIONADO,PALMA,MOTO,YAMAHA,CALI,PARTICULAR,NO APLICA
HERIDOS,04/16/2022 12:00:00 AM,"2,022",1899-12-31T08:50:00.000,MAÑANA,SABADO,BARRIO NUEVO,CARRERA 31 CALLE 24,URBANA,TECNICO,3.52754,-76.29545,ARRANCAR SIN PRECAUCION,145,MOTOCICLISTA,CHOQUE,19,MASCULINO,LESIONADO,PALMIRA,MOTO,SUZUKI,PALMIRA,PARTICULAR,NO APLICA
HERIDOS,04/16/2022 12:00:00 AM,"2,022",1899-12-31T08:50:00.000,MAÑANA,SABADO,BARRIO NUEVO,CARRERA 31 CALLE 24,URBANA,TECNICO,3.52754,-76.29545,ARRANCAR SIN PRECAUCION,145,NO APLICA,CHOQUE,38,FEMENINA,NO APLICA,NO APLICA,CAMIONETA,DS,BOGOTA,PARTICULAR,NO APLICA
HERIDOS,04/16/2022 12:00:00 AM,"2,022",1899-12-31T08:50:00.000,MAÑANA,SABADO,BARRIO NUEVO,CARRERA 31 CALLE 24,URBANA,TECNICO,3.52754,-76.29545,ARRANCAR SIN PRECAUCION,145,ACOMPAÑANTE MOTOCICLISTA,CHOQUE,17,FEMENINA,LESIONADO,RAUL,NO APLICA,NO APLICA,NO APLICA,NO APLICA,NO APLICA
HERIDOS,04/16/2022 12:00:00 AM,"2,022",1899-12-31T08:45:00.000,MAÑANA,SABADO,COLOMBINA,CALLE 29 CARRERA 13,URBANA,TECNICO,3.52456,-76.28663,ARRANCAR SIN PRECAUCION,145,MOTOCICLISTA,CHOQUE,42,MASCULINO,LESIONADO,IPS POSITIVA,MOTO,HERO,FLORIDA,PARTICULAR,NO APLICA
HERIDOS,04/16/2022 12:00:00 AM,"2,022",1899-12-31T08:45:00.000,MAÑANA,SABADO,COLOMBINA,CALLE 29 CARRERA 13,URBANA,TECNICO,3.52456,-76.28663,ARRANCAR SIN PRECAUCION,145,NO APLICA,CHOQUE,74,MASCULINO,NO APLICA,NO APLICA,AUTOMOVIL,RENAULT,BOGOTA,PARTICULAR,NO APLICA
HERIDOS,04/16/2022 12:00:00 AM,"2,022",1899-12-31T10:10:00.000,MAÑANA,SABADO,COLOMBIA,CALLE 33 CARRERA 30,URBANA,TECNICO,3.53059,-76.3001,SEMAFORO EN ROJO,142,MOTOCICLISTA,CHOQUE,21,MASCULINO,LESIONADO,PALMIRA,MOTO,BAJAJ,FLORIDA,PARTICULAR,NO APLICA
HERIDOS,04/16/2022 12:00:00 AM,"2,022",1899-12-31T10:10:00.000,MAÑANA,SABADO,COLOMBIA,CALLE 33 CARRERA 30,URBANA,TECNICO,3.53059,-76.3001,SEMAFORO EN ROJO,142,NO APLICA,CHOQUE,49,MASCULINO,NO APLICA,NO APLICA,AUTOMOVIL,KIA,PALMIRA,PUBLICO,COOP PALMERAS
HERIDOS,04/16/2022 12:00:00 AM,"2,022",1899-12-31T10:10:00.000,MAÑANA,SABADO,COLOMBIA,CALLE 33 CARRERA 30,URBANA,TECNICO,3.53059,-76.3001,SEMAFORO EN ROJO,142,ACOMPAÑANTE MOTOCICLISTA,CHOQUE,14,MASCULINO,LESIONADO,PALMIRA,NO APLICA,NO APLICA,NO APLICA,NO APLICA,NO APLICA
DAÑOS,04/17/2022 12:00:00 AM,"2,022",1899-12-31T10:25:00.000,MAÑANA,DOMINGO,COLOMBIA,CALLE 33 CARRERA 30,URBANA,TECNICO,3.53059,-76.3001,SEMAFORO EN ROJO,142,NO APLICA,CHOQUE,57,MASCULINO,NO APLICA,NO APLICA,MOTO,BAJAJ,GUACARI,PARTICULAR,NO APLICA
DAÑOS,04/17/2022 12:00:00 AM,"2,022",1899-12-31T10:25:00.000,MAÑANA,DOMINGO,COLOMBIA,CALLE 33 CARRERA 30,URBANA,TECNICO,3.53059,-76.3001,SEMAFORO EN ROJO,142,NO APLICA,CHOQUE,38,MASCULINO,NO APLICA,NO APLICA,AUTOMOVIL,CHEVROLET,GUACARI,PARTICULAR,NO APLICA
DAÑOS,04/17/2022 12:00:00 AM,"2,022",1899-12-31T10:20:00.000,MAÑANA,DOMINGO,VERSALLES,CALLE 41 CARRERA 28,URBANA,TECNICO,3.53719,-76.29735,TRANSITAR ENTRE VEHICULOS,98,NO APLICA,CHOQUE,51,MASCULINO,NO APLICA,NO APLICA,AUTOMOVIL,HYUNDAI,PALMIRA,PUBLICO,PALMERAS
DAÑOS,04/17/2022 12:00:00 AM,"2,022",1899-12-31T10:20:00.000,MAÑANA,DOMINGO,VERSALLES,CALLE 41 CARRERA 28,URBANA,TECNICO,3.53719,-76.29735,TRANSITAR ENTRE VEHICULOS,98,NO APLICA,CHOQUE,29,MASCULINO,NO APLICA,NO APLICA,MOTO,AKT,CALI,PARTICULAR,NO APLICA
HERIDOS,04/16/2022 12:00:00 AM,"2,022",1899-12-31T17:50:00.000,TARDE,SABADO,BIZERTA,CALLE 36 CARRERA 21,URBANA,TECNICO,3.53203,-76.29231,DESOBEDESER SEÑAL,112,NO APLICA,CHOQUE,52,MASCULINO,NO APLICA,NO APLICA,CAMIONETA,RENAULT,CALI,OFICIAL,NO APLICA
HERIDOS,04/16/2022 12:00:00 AM,"2,022",1899-12-31T17:50:00.000,TARDE,SABADO,BIZERTA,CALLE 36 CARRERA 21,URBANA,TECNICO,3.53203,-76.29231,DESOBEDESER SEÑAL,112,NO APLICA,CHOQUE,25,MASCULINO,NO APLICA,NO APLICA,AUTOMOVIL,CHEVROLET,ANDALUCIA,PARTICULAR,NO APLICA
HERIDOS,04/16/2022 12:00:00 AM,"2,022",1899-12-31T17:50:00.000,TARDE,SABADO,BIZERTA,CALLE 36 CARRERA 21,URBANA,TECNICO,3.53203,-76.29231,DESOBEDESER SEÑAL,112,ACOMPAÑANTE CONDUCTOR,CHOQUE,23,FEMENINA,LESIONADO,PALMIRA,NO APLICA,NO APLICA,NO APLICA,NO APLICA,NO APLICA
HERIDOS,04/16/2022 12:00:00 AM,"2,022",1899-12-31T17:50:00.000,TARDE,SABADO,BIZERTA,CALLE 36 CARRERA 21,URBANA,TECNICO,3.53203,-76.29231,DESOBEDESER SEÑAL,112,ACOMPAÑANTE MOTOCICLISTA,CHOQUE,32,MASCULINO,LESIONADO,PALMIRA,NO APLICA,NO APLICA,NO APLICA,NO APLICA,NO APLICA
DAÑOS,04/16/2022 12:00:00 AM,"2,022",1899-12-31T20:15:00.000,NOCHE,SABADO,ESTONIA,CARRERA 32 CALLE 45-14,URBANA,TECNICO,3.54065,-76.3007,NO ESTAR PENDIENTE DE LA VIA,157,NO APLICA,CHOQUE,67,FEMENINA,NO APLICA,NO APLICA,CAMIONETA,CHEVROLET,PALMIRA,PARTICULAR,NO APLICA
DAÑOS,04/16/2022 12:00:00 AM,"2,022",1899-12-31T20:15:00.000,NOCHE,SABADO,ESTONIA,CARRERA 32 CALLE 45-14,URBANA,TECNICO,3.54065,-76.3007,NO ESTAR PENDIENTE DE LA VIA,157,NO APLICA,CHOQUE,55,MASCULINO,NO APLICA,NO APLICA,AUTOMOVIL,RENAULT,CALI,PARTICULAR,NO APLICA
DAÑOS,04/17/2022 12:00:00 AM,"2,022",1899-12-31T13:50:00.000,TARDE,DOMINGO,CENTRO,CARRERA 28 CALLE 32-18,URBANA,TECNICO,3.5288,-76.29858,PONER EN MARCHA VEHICULO SIN PRECAUCION,143,NO APLICA,CHOQUE,65,MASCULINO,NO APLICA,NO APLICA,MICROBUS,HYUNDAI,PALMIRA,PUBLICO,MONTEBELLO