CLASE ACCIDENTE,FECHA,AÑO,HORA,JORNADA,DIA_SEMANA,BARRIOS-CORREGIMIENTO- VIA,DIRECCION,ZONA,AUTORIDAD,LAT,LONG,HIPOTESIS,CODIGO,CONDICION DE LA VICTIMA,GRAVEDAD,EDAD,GENERO,LESIONADOS Y MUERTOS,CLINICA,CLASE VEHICULO,MARCA,MATRICULA,TIPO DE SERVICIO,EMPRESA
DAÑOS,04/17/2022 12:00:00 AM,"2,022",1899-12-31T13:50:00.000,TARDE,DOMINGO,CENTRO,CARRERA 28 CALLE 32-18,URBANA,TECNICO,3.5288,-76.29858,PONER EN MARCHA VEHICULO SIN PRECAUCION,143,NO APLICA,CHOQUE,40,MASCULINO,NO APLICA,NO APLICA,AUTOMOVIL,MAZDA,CALI,PARTICULAR,NO APLICA
MUERTO,04/17/2022 12:00:00 AM,"2,022",1899-12-31T20:15:00.000,NOCHE,DOMINGO,PRADO DE ORIENTE,CALLE 32B CARRERA 2A-23,URBANA,TECNICO,3.52781,-76.27876,FALTA DE PERICIA,138,MOTOCICLISTA,VOLCAMIENTO,37,MASCULINO,MUERTO,NO APLICA,MOTO,KAWASAKI,PRADERA,PARTICULAR,NO APLICA
DAÑOS,04/18/2022 12:00:00 AM,"2,022",1899-12-31T08:40:00.000,MAÑANA,LUNES,BARRIO NUEVO,CARRERA 31 CALLE 21-16,URBANA,TECNICO,3.52016,-76.30291,ARRANCAR SIN PRECAUCION,145,NO APLICA,CHOQUE,60,MASCULINO,NO APLICA,NO APLICA,MOTO,HONDA,GUACARI,PARTICULAR,NO APLICA
DAÑOS,04/18/2022 12:00:00 AM,"2,022",1899-12-31T08:40:00.000,MAÑANA,LUNES,BARRIO NUEVO,CARRERA 31 CALLE 21-16,URBANA,TECNICO,3.52016,-76.30291,ARRANCAR SIN PRECAUCION,145,NO APLICA,CHOQUE,27,MASCULINO,NO APLICA,NO APLICA,AUTOMOVIL,MAZDA,MEDELLIN,PARTICULAR,NO APLICA
HERIDOS,04/18/2022 12:00:00 AM,"2,022",1899-12-31T14:20:00.000,TARDE,LUNES,COLOMBIA,CALLE 36 CARRERA 31,URBANA,TECNICO,3.53319,-76.30065,NO MANTENER DISTANCIA SEGURIDAD,121,NO APLICA,CHOQUE,38,FEMENINA,NO APLICA,NO APLICA,AUTOMOVIL,HYUNDAI,CALI,PARTICULAR,NO APLICA
HERIDOS,04/18/2022 12:00:00 AM,"2,022",1899-12-31T14:20:00.000,TARDE,LUNES,COLOMBIA,CALLE 36 CARRERA 31,URBANA,TECNICO,3.53319,-76.30065,NO MANTENER DISTANCIA SEGURIDAD,121,MOTOCICLISTA,CHOQUE,52,MASCULINO,LESIONADO,FRACTURAS,MOTO,HONDA,FLORIDA,PARTICULAR,NO APLICA
DAÑOS,04/18/2022 12:00:00 AM,"2,022",1899-12-31T17:00:00.000,TARDE,LUNES,CHAPINERO SUR,CARRERA 32 DIAGONAL 4,URBANA,TECNICO,3.50563,-76.31448,ADELANTAR POR LA DERECHA,102,NO APLICA,CHOQUE,46,MASCULINO,NO APLICA,NO APLICA,CAMIONETA,NISSAN,CHACHAGUI,PARTICULAR,NO APLICA
DAÑOS,04/19/2022 12:00:00 AM,"2,022",1899-12-31T07:45:00.000,MAÑANA,MARTES,VERSALLES,CALLE 42 CARRERA 31-80,URBANA,TECNICO,3.53842,-76.30052,ADELANTAR POR LA DERECHA,102,NO APLICA,CHOQUE,24,MASCULINO,NO APLICA,NO APLICA,AUTOMOVIL,CHEVROLET,CALI,PARTICULAR,NO APLICA
DAÑOS,04/19/2022 12:00:00 AM,"2,022",1899-12-31T07:45:00.000,MAÑANA,MARTES,VERSALLES,CALLE 42 CARRERA 31-80,URBANA,TECNICO,3.53842,-76.30052,ADELANTAR POR LA DERECHA,102,NO APLICA,CHOQUE,34,FEMENINA,NO APLICA,NO APLICA,MOTO,HONDA,FLORIDA,PARTICULAR,NO APLICA
HERIDOS,04/19/2022 12:00:00 AM,"2,022",1899-12-31T09:00:00.000,MAÑANA,MARTES,OLIMPICO,CARRERA 36 CALLE 23,URBANA,TECNICO,3.52202,-76.30761,DESOBEDESER SEÑAL,112,MOTOCICLISTA,CHOQUE,23,MASCULINO,LESIONADO,PALMA,MOTO,SUZUKI,PALMIRA,PARTICULAR,NO APLICA
HERIDOS,04/19/2022 12:00:00 AM,"2,022",1899-12-31T09:00:00.000,MAÑANA,MARTES,OLIMPICO,CARRERA 36 CALLE 23,URBANA,TECNICO,3.52202,-76.30761,DESOBEDESER SEÑAL,112,MOTOCICLISTA,CHOQUE,18,MASCULINO,LESIONADO,PALMIRA,MOTO,SUZUKI,EL BORDO,PARTICULAR,NO APLICA
HERIDOS,04/19/2022 12:00:00 AM,"2,022",1899-12-31T12:10:00.000,TARDE,MARTES,CORONADO,CARRERA 35 CALLE 55,URBANA,TECNICO,3.54673,-76.31018,ARRANCAR SIN PRECAUCION,145,MOTOCICLISTA,CHOQUE,49,MASCULINO,LESIONADO,PALMA,MOTO,HERO,FLORIDA,PARTICULAR,NO APLICA
HERIDOS,04/19/2022 12:00:00 AM,"2,022",1899-12-31T12:10:00.000,TARDE,MARTES,CORONADO,CARRERA 35 CALLE 55,URBANA,TECNICO,3.54673,-76.31018,ARRANCAR SIN PRECAUCION,145,NO APLICA,CHOQUE,23,MASCULINO,NO APLICA,NO APLICA,CAMIONETA,NISSAN,BOGOTA,PARTICULAR,NO APLICA
HERIDOS,04/19/2022 12:00:00 AM,"2,022",1899-12-31T12:10:00.000,TARDE,MARTES,CORONADO,CARRERA 35 CALLE 55,URBANA,TECNICO,3.54673,-76.31018,ARRANCAR SIN PRECAUCION,145,ACOMPAÑANTE MOTOCICLISTA,CHOQUE,67,FEMENINA,LESIONADO,PALMA,NO APLICA,NO APLICA,NO APLICA,NO APLICA,NO APLICA
DAÑOS,04/19/2022 12:00:00 AM,"2,022",1899-12-31T13:00:00.000,TARDE,MARTES,LORETO,CALLE 37 CARRERA 34,URBANA,TECNICO,3.5345,-76.30354,ARRANCAR SIN PRECAUCION,145,NO APLICA,CHOQUE,36,MASCULINO,NO APLICA,NO APLICA,AUTOMOVIL,FORD,CALI,PARTICULAR,NO APLICA
DAÑOS,04/19/2022 12:00:00 AM,"2,022",1899-12-31T13:00:00.000,TARDE,MARTES,LORETO,CALLE 37 CARRERA 34,URBANA,TECNICO,3.5345,-76.30354,ARRANCAR SIN PRECAUCION,145,NO APLICA,CHOQUE,53,MASCULINO,NO APLICA,NO APLICA,AUTOMOVIL,KIA,CALI,PARTICULAR,NO APLICA
DAÑOS,04/19/2022 12:00:00 AM,"2,022",1899-12-31T21:10:00.000,NOCHE,MARTES,SANTA RITA,CARRERA 28 CALLE 38,URBANA,TECNICO,3.5348,-76.29779,SEMAFORO EN ROJO,142,NO APLICA,CHOQUE,26,FEMENINA,NO APLICA,NO APLICA,MOTO,YAMAHA,PRADERA,PARTICULAR,NO APLICA
DAÑOS,04/19/2022 12:00:00 AM,"2,022",1899-12-31T21:10:00.000,NOCHE,MARTES,SANTA RITA,CARRERA 28 CALLE 38,URBANA,TECNICO,3.5348,-76.29779,SEMAFORO EN ROJO,142,NO APLICA,CHOQUE,33,MASCULINO,NO APLICA,NO APLICA,CAMIONETA,RENAULT,GUACARI,PARTICULAR,NO APLICA
MUERTO,04/19/2022 12:00:00 AM,"2,022",1899-12-31T15:10:00.000,TARDE,MARTES,CENTRO POBLADO BOLO,CALLE 2 N 8-102 + 300 MTS,RURAL,TECNICO,3.46351,-76.34043,IMPERICIA EN EL MANEJO,139,NO APLICA,CHOQUE,31,MASCULINO,NO APLICA,NO APLICA,MICROBUS,AGRALE,CIRCASIA,PUBLICO,NO APLICA
MUERTO,04/19/2022 12:00:00 AM,"2,022",1899-12-31T15:10:00.000,TARDE,MARTES,CENTRO POBLADO BOLO,CALLE 2 N 8-102 + 300 MTS,RURAL,TECNICO,3.46351,-76.34043,IMPERICIA EN EL MANEJO,139,MOTOCICLISTA,CHOQUE,22,MASCULINO,MUERTO,PALMA,MOTO,AKT,VILLAVICENCIO,PARTICULAR,NO APLICA
HERIDOS,04/20/2022 12:00:00 AM,"2,022",1899-12-31T05:55:00.000,MADRUGADA,MIERCOLES,SAN PEDRO,CARRERA 19 CALLE 36-66,URBANA,TECNICO,3.5321,-76.29051,POR ESTABLECER,157,MOTOCICLISTA,CHOQUE,24,MASCULINO,LESIONADO,PALMIRA,MOTO,VICTORY,FLORIDA,PARTICULAR,NO APLICA
HERIDOS,04/20/2022 12:00:00 AM,"2,022",1899-12-31T05:55:00.000,MADRUGADA,MIERCOLES,SAN PEDRO,CARRERA 19 CALLE 36-66,URBANA,TECNICO,3.5321,-76.29051,POR ESTABLECER,157,CICLISTA,CHOQUE,69,MASCULINO,LESIONADO,PALMIRA,BICICLETA,NO APLICA,NO APLICA,PARTICULAR,NO APLICA
HERIDOS,04/20/2022 12:00:00 AM,"2,022",1899-12-31T05:55:00.000,MADRUGADA,MIERCOLES,SAN PEDRO,CARRERA 19 CALLE 36-66,URBANA,TECNICO,3.5321,-76.29051,POR ESTABLECER,157,ACOMPAÑANTE MOTOCICLISTA,CHOQUE,18,MASCULINO,LESIONADO,PALMIRA,NO APLICA,NO APLICA,NO APLICA,NO APLICA,NO APLICA
HERIDOS,04/20/2022 12:00:00 AM,"2,022",1899-12-31T05:55:00.000,MADRUGADA,MIERCOLES,SAN PEDRO,CARRERA 19 CALLE 36-66,URBANA,TECNICO,3.5321,-76.29051,POR ESTABLECER,157,MOTOCICLISTA,CHOQUE,51,MASCULINO,LESIONADO,PALMIRA,MOTO,HONDA,BUGA,PARTICULAR,NO APLICA
HERIDOS,04/20/2022 12:00:00 AM,"2,022",1899-12-31T07:15:00.000,MAÑANA,MIERCOLES,CENTRO,CALLE 27 CARRERA 33,URBANA,TECNICO,3.52503,-76.30357,ARRANCAR SIN PRECAUCION,145,MOTOCICLISTA,CHOQUE,50,MASCULINO,LESIONADO,PALMIRA,MOTO,HERO,PALMIRA,PARTICULAR,NO APLICA
HERIDOS,04/20/2022 12:00:00 AM,"2,022",1899-12-31T07:15:00.000,MAÑANA,MIERCOLES,CENTRO,CALLE 27 CARRERA 33,URBANA,TECNICO,3.52503,-76.30357,ARRANCAR SIN PRECAUCION,145,NO APLICA,CHOQUE,34,FEMENINA,NO APLICA,PALMIRA,AUTOMOVIL,CHEVROLET,IBAGUE,PARTICULAR,NO APLICA
DAÑOS,04/20/2022 12:00:00 AM,"2,022",1899-12-31T17:00:00.000,TARDE,MIERCOLES,LIBERTADORES,CALLE 28 CARRERA 18,URBANA,TECNICO,3.5243,-76.29071,DESOBEDESER SEÑAL,112,NO APLICA,CHOQUE,40,MASCULINO,NO APLICA,NO APLICA,AUTOMOVIL,KIA,PALMIRA,PARTICULAR,NO APLICA
DAÑOS,04/20/2022 12:00:00 AM,"2,022",1899-12-31T17:00:00.000,TARDE,MIERCOLES,LIBERTADORES,CALLE 28 CARRERA 18,URBANA,TECNICO,3.5243,-76.29071,DESOBEDESER SEÑAL,112,NO APLICA,CHOQUE,39,FEMENINA,NO APLICA,NO APLICA,MOTO,SUZUKI,CALI,PARTICULAR,NO APLICA
HERIDOS,04/20/2022 12:00:00 AM,"2,022",1899-12-31T19:00:00.000,NOCHE,MIERCOLES,MUNICIPAL,CARRERA 1 CALLE 31,URBANA,TECNICO,3.52513,-76.27813,NO ESTAR PENDIENTE DE LA VIA,157,NO APLICA,CHOQUE,59,MASCULINO,NO APLICA,NO APLICA,CAMIONETA,CHEVROLET,CALI,PARTICULAR,NO APLICA
HERIDOS,04/20/2022 12:00:00 AM,"2,022",1899-12-31T19:00:00.000,NOCHE,MIERCOLES,MUNICIPAL,CARRERA 1 CALLE 31,URBANA,TECNICO,3.52513,-76.27813,NO ESTAR PENDIENTE DE LA VIA,157,MOTOCICLISTA,CHOQUE,43,FEMENINA,LESIONADO,PALMIRA,MOTO,AKT,CALI,PARTICULAR,NO APLICA
DAÑOS,04/21/2022 12:00:00 AM,"2,022",1899-12-31T00:30:00.000,MADRUGADA,JUEVES,CENTRO,CALLE 28 CARRERA 32,URBANA,TECNICO,3.52584,-76.30269,NO RESPETAR PRELACION,132,NO APLICA,CHOQUE,57,MASCULINO,NO APLICA,NO APLICA,AUTOMOVIL,HYUNDAI,PALMIRA,PUBLICO,FLOTA PALMIRA
DAÑOS,04/21/2022 12:00:00 AM,"2,022",1899-12-31T00:30:00.000,MADRUGADA,JUEVES,CENTRO,CALLE 28 CARRERA 32,URBANA,TECNICO,3.52584,-76.30269,NO RESPETAR PRELACION,132,NO APLICA,CHOQUE,30,MASCULINO,NO APLICA,NO APLICA,CAMIONETA,NISSAN,BOGOTA,PARTICULAR,NO APLICA
DAÑOS,04/21/2022 12:00:00 AM,"2,022",1899-12-31T16:00:00.000,TARDE,JUEVES,ZONZ FRANCA DL PACIFICO,OPER COMEX BODGA 96,RURAL,TECNICO,3.56205,-76.45142,REVERSO IMPRUDENTE,134,NO APLICA,CHOQUE,53,MASCULINO,NO APLICA,NO APLICA,TRACTO CAMION,KENWHOR,YUMBO,PUBLICO,NO APLICA
DAÑOS,04/21/2022 12:00:00 AM,"2,022",1899-12-31T16:00:00.000,TARDE,JUEVES,ZONZ FRANCA DL PACIFICO,OPER COMEX BODGA 96,RURAL,TECNICO,3.56205,-76.45142,REVERSO IMPRUDENTE,134,NO APLICA,CHOQUE,52,MASCULINO,NO APLICA,NO APLICA,CAMION,FORD,BUCARAMANGA,PUBLICO,NO APLICA
HERIDOS,04/22/2022 12:00:00 AM,"2,022",1899-12-31T19:45:00.000,NOCHE,VIERNES,SANTA RITA,CALLLE 36 CARRERA 29,URBANA,TECNICO,3.53295,-76.29886,SEMAFORO EN ROJO,142,MOTOCICLISTA,CHOQUE,27,MASCULINO,LESIONADO,RAUL,MOTO,HONDA,CALI,PARTICULAR,NO APLICA
HERIDOS,04/22/2022 12:00:00 AM,"2,022",1899-12-31T19:45:00.000,NOCHE,VIERNES,SANTA RITA,CALLLE 36 CARRERA 29,URBANA,TECNICO,3.53295,-76.29886,SEMAFORO EN ROJO,142,MOTOCICLISTA,CHOQUE,52,MASCULINO,LESIONADO,FRACTURAS,MOTO,HERO,FLORIDA,PARTICULAR,NO APLICA
HERIDOS,04/22/2022 12:00:00 AM,"2,022",1899-12-31T19:45:00.000,NOCHE,VIERNES,SANTA RITA,CALLLE 36 CARRERA 29,URBANA,TECNICO,3.53295,-76.29886,SEMAFORO EN ROJO,142,ACOMPAÑANTE MOTOCICLISTA,CHOQUE,20,FEMENINA,LESIONADO,FRACTURAS,NO APLICA,NO APLICA,NO APLICA,NO APLICA,NO APLICA
DAÑOS,04/22/2022 12:00:00 AM,"2,022",1899-12-31T13:50:00.000,TARDE,VIERNES,VERSALLES,CALLE 42 CARRERA 28,URBANA,TECNICO,3.53808,-76.29739,ADELANTAR CERRANDO,103,NO APLICA,CHOQUE,36,FEMENINA,NO APLICA,NO APLICA,CAMIONETA,FORD,CALI,PARTICULAR,NO APLICA
DAÑOS,04/22/2022 12:00:00 AM,"2,022",1899-12-31T13:50:00.000,TARDE,VIERNES,VERSALLES,CALLE 42 CARRERA 28,URBANA,TECNICO,3.53808,-76.29739,ADELANTAR CERRANDO,103,NO APLICA,CHOQUE,22,MASCULINO,NO APLICA,NO APLICA,BUS,HINO,GUACARI,PUBLICO,NO APLICA
DAÑOS,04/22/2022 12:00:00 AM,"2,022",1899-12-31T21:10:00.000,NOCHE,VIERNES,INDUSTRIA,CALLE 42 CARRERA 35,URBANA,TECNICO,3.53875,-76.30684,NO RESPETAR PRELACION,132,NO APLICA,CHOQUE,64,MASCULINO,NO APLICA,NO APLICA,AUTOMOVIL,HYUNDAI,CALI,PARTICULAR,NO APLICA
DAÑOS,04/22/2022 12:00:00 AM,"2,022",1899-12-31T21:10:00.000,NOCHE,VIERNES,INDUSTRIA,CALLE 42 CARRERA 35,URBANA,TECNICO,3.53875,-76.30684,NO RESPETAR PRELACION,132,NO APLICA,CHOQUE,51,MASCULINO,NO APLICA,NO APLICA,AUTOMOVIL,CHEVROLET,CALI,PARTICULAR,NO APLICA
DAÑOS,04/22/2022 12:00:00 AM,"2,022",1899-12-31T21:30:00.000,MAÑANA,VIERNES,ZAMORANO,CALLE 65 DIGONAL 31,URBANA,TECNICO,3.55471,-76.29748,NO MANTENER DISTANCIA SEGURIDAD,121,NO APLICA,CHOQUE,33,MASCULINO,NO APLICA,NO APLICA,CAMIONETA,TOYOTA,PALMIRA,PARTICULAR,NO APLICA
DAÑOS,04/22/2022 12:00:00 AM,"2,022",1899-12-31T21:30:00.000,MAÑANA,VIERNES,ZAMORANO,CALLE 65 DIGONAL 31,URBANA,TECNICO,3.55471,-76.29748,NO MANTENER DISTANCIA SEGURIDAD,121,NO APLICA,CHOQUE,50,FEMENINA,NO APLICA,NO APLICA,MOTO,HONDA,GUACARI,PARTICULAR,NO APLICA
HERIDOS,04/22/2022 12:00:00 AM,"2,022",1899-12-31T22:20:00.000,NOCHE,VIERNES,POBLADO COMFAUNION,CALLE 47A CARRERA 15,URBANA,TECNICO,3.54309,-76.28767,NO RESPETAR PRELACION,123,MOTOCICLISTA,CHOQUE,22,MASCULINO,LESIONADO,PALMIRA,MOTO,SUZUKI,PALMIRA,PARTICULAR,NO APLICA
HERIDOS,04/22/2022 12:00:00 AM,"2,022",1899-12-31T22:20:00.000,NOCHE,VIERNES,POBLADO COMFAUNION,CALLE 47A CARRERA 15,URBANA,TECNICO,3.54309,-76.28767,NO RESPETAR PRELACION,123,NO APLICA,CHOQUE,53,MASCULINO,NO APLICA,PALMIRA,AUTOMOVIL,HYUNDAI,PALMIRA,PUBLICO,FLOTA PALMIRA
HERIDOS,04/23/2022 12:00:00 AM,"2,022",1899-12-31T04:10:00.000,MADRUGADA,SABADO,RIVERA ESCOBAR,CALLE 31 CARRERA 36,URBANA,TECNICO,3.5291,-76.30651,GIRAR BRUSCAMENTE,122,NO APLICA,CHOQUE,28,MASCULINO,NO APLICA,NO APLICA,AUTOMOVIL,RENAULT,PALMIRA,PARTICULAR,NO APLICA
HERIDOS,04/23/2022 12:00:00 AM,"2,022",1899-12-31T04:10:00.000,MADRUGADA,SABADO,RIVERA ESCOBAR,CALLE 31 CARRERA 36,URBANA,TECNICO,3.5291,-76.30651,GIRAR BRUSCAMENTE,122,MOTOCICLISTA,CHOQUE,26,MASCULINO,LESIONADO,PALMIRA,MOTO,YAMAHA,FLORIDA,PARTICULAR,NO APLICA
DAÑOS,04/23/2022 12:00:00 AM,"2,022",1899-12-31T11:00:00.000,MAÑANA,SABADO,SAN PEDRO,CARRERA 19 CALLE 35,URBANA,TECNICO,3.53099,-76.29043,SEMAFORO EN ROJO,142,NO APLICA,CHOQUE,42,MASCULINO,NO APLICA,NO APLICA,CAMIONETA,CHEVROLET,PALMIRA,PARTICULAR,NO APLICA
DAÑOS,04/23/2022 12:00:00 AM,"2,022",1899-12-31T11:00:00.000,MAÑANA,SABADO,SAN PEDRO,CARRERA 19 CALLE 35,URBANA,TECNICO,3.53099,-76.29043,SEMAFORO EN ROJO,142,NO APLICA,CHOQUE,30,MASCULINO,NO APLICA,NO APLICA,MOTO,HONDA,FLORIDA,PARTICULAR,NO APLICA
HERIDOS,04/24/2022 12:00:00 AM,"2,022",1899-12-31T13:10:00.000,TARDE,DOMINGO,SAN CAYETANO,CALLE 42 CARRERA 25,URBANA,TECNICO,3.53759,-76.29451,DESOBEDESER SEÑAL,112,NO APLICA,CHOQUE,39,MASCULINO,NO APLICA,NO APLICA,AUTOMOVIL,CHEVROLET,CALI,PARTICULAR,NO APLICA
HERIDOS,04/24/2022 12:00:00 AM,"2,022",1899-12-31T13:10:00.000,TARDE,DOMINGO,SAN CAYETANO,CALLE 42 CARRERA 25,URBANA,TECNICO,3.53759,-76.29451,DESOBEDESER SEÑAL,112,MOTOCICLISTA,CHOQUE,51,MASCULINO,LESIONADO,PALMA,MOTO,ZOYTE,PALMIRA,PARTICULAR,NO APLICA
HERIDOS,04/24/2022 12:00:00 AM,"2,022",1899-12-31T13:10:00.000,TARDE,DOMINGO,SAN CAYETANO,CALLE 42 CARRERA 25,URBANA,TECNICO,3.53759,-76.29451,DESOBEDESER SEÑAL,112,ACOMPAÑANTE MOTOCICLISTA,CHOQUE,63,FEMENINA,LESIONADO,PALMA,NO APLICA,NO APLICA,NO APLICA,NO APLICA,NO APLICA
DAÑOS,04/24/2022 12:00:00 AM,"2,022",1899-12-31T13:20:00.000,TARDE,DOMINGO,LOS ROBLES,CARRERA 33A CALLE 19-25,URBANA,TECNICO,3.51824,-76.30542,REVERSO IMPRUDENTE,134,NO APLICA,CHOQUE,36,FEMENINA,NO APLICA,NO APLICA,CAMIONETA,MAZDA,CALI,PARTICULAR,NO APLICA
DAÑOS,04/24/2022 12:00:00 AM,"2,022",1899-12-31T13:20:00.000,TARDE,DOMINGO,LOS ROBLES,CARRERA 33A CALLE 19-25,URBANA,TECNICO,3.51824,-76.30542,REVERSO IMPRUDENTE,134,NO APLICA,CHOQUE,43,MASCULINO,NO APLICA,NO APLICA,MOTO,AGILITY,EL CERRITO,PARTICULAR,NO APLICA
DAÑOS,04/24/2022 12:00:00 AM,"2,022",1899-12-31T13:00:00.000,TARDE,DOMINGO,ALAMEDA,CARRERA 28 CALLE 71-30,URBANA,TECNICO,3.55788,-76.29114,NO MANTENER DISTANCIA SEGURIDAD,121,NO APLICA,CHOQUE,59,MASCULINO,NO APLICA,NO APLICA,AUTOMOVIL,CHEVROLET,CALI,PARTICULAR,NO APLICA
DAÑOS,04/24/2022 12:00:00 AM,"2,022",1899-12-31T13:00:00.000,TARDE,DOMINGO,ALAMEDA,CARRERA 28 CALLE 71-30,URBANA,TECNICO,3.55788,-76.29114,NO MANTENER DISTANCIA SEGURIDAD,121,NO APLICA,CHOQUE,59,MASCULINO,NO APLICA,NO APLICA,AUTOMOVIL,CHEVROLET,CALI,PARTICULAR,NO APLICA
DAÑOS,04/25/2022 12:00:00 AM,"2,022",1899-12-31T14:00:00.000,TARDE,DOMINGO,MERCEDES,CALLE 65 CARRERA 26A-73,URBANA,TECNICO,3.55135,-76.29081,NO ESTAR PENDIENTE DE LA VIA,157,NO APLICA,CHOQUE,27,MASCULINO,NO APLICA,NO APLICA,MOTO,HONDA,GUACARI,PARTICULAR,NO APLICA
DAÑOS,04/25/2022 12:00:00 AM,"2,022",1899-12-31T14:00:00.000,TARDE,DOMINGO,MERCEDES,CALLE 65 CARRERA 26A-73,URBANA,TECNICO,3.55135,-76.29081,NO ESTAR PENDIENTE DE LA VIA,157,NO APLICA,CHOQUE,40,MASCULINO,NO APLICA,NO APLICA,AUTOMOVIL,CHEVROLET,PALMIRA,PARTICULAR,NO APLICA
DAÑOS,04/26/2022 12:00:00 AM,"2,022",1899-12-31T08:20:00.000,MAÑANA,MARTES,ESTONIA,CARRERA 34C CALLE 44 -106,URBANA,TECNICO,3.54022,-76.30234,REVERSO IMPRUDENTE,134,NO APLICA,CHOQUE,51,MASCULINO,NO APLICA,NO APLICA,AUTOMOVIL,CHEVROLET,CALI,PARTICULAR,NO APLICA
DAÑOS,04/26/2022 12:00:00 AM,"2,022",1899-12-31T08:20:00.000,MAÑANA,MARTES,ESTONIA,CARRERA 34C CALLE 44 -106,URBANA,TECNICO,3.54022,-76.30234,REVERSO IMPRUDENTE,134,NO APLICA,CHOQUE,39,MASCULINO,NO APLICA,NO APLICA,TRACTO CAMION,CHEVROLET,BUGA,PUBLICO,NO APLICA
HERIDOS,04/26/2022 12:00:00 AM,"2,022",1899-12-31T10:00:00.000,MAÑANA,MARTES,RECREO,CALLE 21 CARRERA 27,URBANA,TECNICO,3.51939,-76.29917,DESOBEDESER SEÑAL,112,NO APLICA,CHOQUE,24,MASCULINO,NO APLICA,NO APLICA,AUTOMOVIL,CHEVROLET,PALMIRA,PARTICULAR,NO APLICA
HERIDOS,04/26/2022 12:00:00 AM,"2,022",1899-12-31T10:00:00.000,MAÑANA,MARTES,RECREO,CALLE 21 CARRERA 27,URBANA,TECNICO,3.51939,-76.29917,DESOBEDESER SEÑAL,112,MOTOCICLISTA,CHOQUE,22,MASCULINO,NO APLICA,NO APLICA,MOTO,HONDA,GUACARI,PARTICULAR,NO APLICA
DAÑOS,04/26/2022 12:00:00 AM,"2,022",1899-12-31T14:30:00.000,TARDE,MARTES,CENTRO,CALLE 27 CARRERA 29,URBANA,TECNICO,3.52459,-76.30019,DESOBEDESER SEÑAL,112,NO APLICA,CHOQUE,71,MASCULINO,NO APLICA,NO APLICA,AUTOMOVIL,RENAULT,CALI,PARTICULAR,NO APLICA
DAÑOS,04/26/2022 12:00:00 AM,"2,022",1899-12-31T14:30:00.000,TARDE,MARTES,CENTRO,CALLE 27 CARRERA 29,URBANA,TECNICO,3.52459,-76.30019,DESOBEDESER SEÑAL,112,NO APLICA,CHOQUE,38,MASCULINO,NO APLICA,NO APLICA,AUTOMOVIL,CHEVROLET,CALI,PARTICULAR,NO APLICA
DAÑOS,04/26/2022 12:00:00 AM,"2,022",1899-12-31T20:00:00.000,NOCHE,MARTES,MERCEDES,CALLE 54 CARRERA 28,URBANA,TECNICO,3.54665,-76.29571,ADELANTAR CERRANDO,103,NO APLICA,CHOQUE,27,MASCULINO,NO APLICA,NO APLICA,AUTOMOVIL,MINI COOPER,MANIZALES,PARTICULAR,NO APLICA
DAÑOS,04/26/2022 12:00:00 AM,"2,022",1899-12-31T20:00:00.000,NOCHE,MARTES,MERCEDES,CALLE 54 CARRERA 28,URBANA,TECNICO,3.54665,-76.29571,ADELANTAR CERRANDO,103,NO APLICA,CHOQUE,32,FEMENINA,NO APLICA,NO APLICA,AUTOMOVIL,KIA,CALI,PARTICULAR,NO APLICA
HERIDOS,04/27/2022 12:00:00 AM,"2,022",1899-12-31T05:50:00.000,MADRUGADA,MIERCOLES,CENTRO,CALLE 28 CARRERA 28,URBANA,TECNICO,3.52528,-76.29921,SEMAFORO EN ROJO,142,NO APLICA,CHOQUE,51,MASCULINO,NO APLICA,NO APLICA,AUTOMOVIL,MAZDA,PALMIRA,PARTICULAR,NO APLICA
HERIDOS,04/27/2022 12:00:00 AM,"2,022",1899-12-31T05:50:00.000,MADRUGADA,MIERCOLES,CENTRO,CALLE 28 CARRERA 28,URBANA,TECNICO,3.52528,-76.29921,SEMAFORO EN ROJO,142,MOTOCICLISTA,CHOQUE,41,FEMENINA,LESIONADO,PALMIRA,MOTO,HONDA,MIRANDA,PARTICULAR,NO APLICA
HERIDOS,04/27/2022 12:00:00 AM,"2,022",1899-12-31T13:10:00.000,TARDE,MIERCOLES,LUIS CARLOS GALAN,CARRERA 32 CALLE -10-11,URBANA,TECNICO,3.50942,-76.30792,NO ESTAR PENDIENTE DE LA VIA,157,NO APLICA,CHOQUE,38,MASCULINO,NO APLICA,NO APLICA,AUTOMOVIL,RENAULT,CALI,PARTICULAR,NO APLICA