CLASE ACCIDENTE,FECHA,AÑO,HORA,JORNADA,DIA_SEMANA,BARRIOS-CORREGIMIENTO- VIA,DIRECCION,ZONA,AUTORIDAD,LAT,LONG,HIPOTESIS,CODIGO,CONDICION DE LA VICTIMA,GRAVEDAD,EDAD,GENERO,LESIONADOS Y MUERTOS,CLINICA,CLASE VEHICULO,MARCA,MATRICULA,TIPO DE SERVICIO,EMPRESA
HERIDOS,05/05/2022 12:00:00 AM,"2,022",1899-12-31T18:20:00.000,NOCHE,JUEVES,SEMBRADOR,CARRERA 23 CALLE 18,URBANA,TECNICO,3.52076,-76.29097,DESOBEDESER SEÑAL,112,MOTOCICLISTA,CHOQUE,26,MASCULINO,LESIONADO,PALMA,MOTO,SUZUKI,PALMIRA,PARTICULAR,NO APLICA
HERIDOS,05/05/2022 12:00:00 AM,"2,022",1899-12-31T19:05:00.000,NOCHE,JUEVES,PRADO,CALLE 42 CARRERA 40-37,URBANA,TECNICO,3.53884,-76.3107,NO ESTAR PENDIENTE DE LA VIA,157,NO APLICA,CHOQUE,39,MASCULINO,NO APLICA,NO APLICA,AUTOMOVIL,KIA,CALI,PARTICULAR,NO APLICA
HERIDOS,05/05/2022 12:00:00 AM,"2,022",1899-12-31T19:05:00.000,NOCHE,JUEVES,PRADO,CALLE 42 CARRERA 40-37,URBANA,TECNICO,3.53884,-76.3107,NO ESTAR PENDIENTE DE LA VIA,157,MOTOCICLISTA,CHOQUE,22,MASCULINO,LESIONADO,PALMA,MOTO,HONDA,FLORIDA,PARTICULAR,NO APLICA
HERIDOS,05/06/2022 12:00:00 AM,"2,022",1899-12-31T18:40:00.000,NOCHE,VIERNES,COLOMBIA,CALLE 37 CARRERA 31,URBANA,TECNICO,3.53404,-76.30052,ARRANCAR SIN PRECAUCION,145,MOTOCICLISTA,CHOQUE,23,FEMENINA,LESIONADO,IPS POSITIVA,MOTO,HONDA,FLORIDA,PARTICULAR,NO APLICA
HERIDOS,05/06/2022 12:00:00 AM,"2,022",1899-12-31T18:40:00.000,NOCHE,VIERNES,COLOMBIA,CALLE 37 CARRERA 31,URBANA,TECNICO,3.53404,-76.30052,ARRANCAR SIN PRECAUCION,145,NO APLICA,CHOQUE,30,MASCULINO,NO APLICA,NO APLICA,AUTOMOVIL,HYUNDAI,CALI,PUBLICO,AUTOS S.A.S
HERIDOS,05/06/2022 12:00:00 AM,"2,022",1899-12-31T21:00:00.000,NOCHE,VIERNES,INDUSTRIA,CALLE 42 CARRERA 35,URBANA,TECNICO,3.53896,-76.30653,PONER EN MARCHA VEHICULO SIN PRECAUCION,143,MOTOCICLISTA,CHOQUE,17,MASCULINO,LESIONADO,PALMIRA,MOTO,SUZUKI,MIRANDA,PARTICULAR,NO APLICA
HERIDOS,05/06/2022 12:00:00 AM,"2,022",1899-12-31T21:00:00.000,NOCHE,VIERNES,INDUSTRIA,CALLE 42 CARRERA 35,URBANA,TECNICO,3.53896,-76.30653,PONER EN MARCHA VEHICULO SIN PRECAUCION,143,MOTOCICLISTA,CHOQUE,48,FEMENINA,LESIONADO,PALMIRA,MOTO,VICTORY,FLORIDA,PARTICULAR,NO APLICA
DAÑOS,05/06/2022 12:00:00 AM,"2,022",1899-12-31T22:50:00.000,NOCHE,VIERNES,CENTRO,CALLE 29 CARRERA 24,URBANA,TECNICO,3.52561,-76.29572,SEMAFORO EN ROJO,142,NO APLICA,CHOQUE,41,MASCULINO,NO APLICA,NO APLICA,AUTOMOVIL,HYUNDAI,PALMIRA,PARTICULAR,NO APLICA
DAÑOS,05/06/2022 12:00:00 AM,"2,022",1899-12-31T22:50:00.000,NOCHE,VIERNES,CENTRO,CALLE 29 CARRERA 24,URBANA,TECNICO,3.52561,-76.29572,SEMAFORO EN ROJO,142,NO APLICA,CHOQUE,23,MASCULINO,NO APLICA,NO APLICA,MOTO,AKT,CALI,PARTICULAR,NO APLICA
DAÑOS,05/06/2022 12:00:00 AM,"2,022",1899-12-31T00:10:00.000,MADRUGADA,VIERNES,MERCEDES,CARRERA 28 CALLE 54,URBANA,TECNICO,3.54663,-76.29579,NO MANTENER DISTANCIA SEGURIDAD,121,NO APLICA,CHOQUE,38,MASCULINO,NO APLICA,NO APLICA,AUTOMOVIL,CHEVROLET,CALI,PARTICULAR,NO APLICA
DAÑOS,05/06/2022 12:00:00 AM,"2,022",1899-12-31T00:10:00.000,MADRUGADA,VIERNES,MERCEDES,CARRERA 28 CALLE 54,URBANA,TECNICO,3.54663,-76.29579,NO MANTENER DISTANCIA SEGURIDAD,121,NO APLICA,CHOQUE,36,MASCULINO,NO APLICA,NO APLICA,AUTOMOVIL,CHEVROLET,CALI,PARTICULAR,NO APLICA
HERIDOS,05/09/2022 12:00:00 AM,"2,022",1899-12-31T07:55:00.000,MAÑANA,LUNES,ESTONIA,CARRERA 30 CALLE 43,URBANA,TECNICO,3.53886,-76.29868,TRANSITAR EN CONTRAVIA,127,NO APLICA,CHOQUE,48,MASCULINO,NO APLICA,NO APLICA,AUTOMOVIL,CHEVROLET,CALI,PARTICULAR,NO APLICA
HERIDOS,05/09/2022 12:00:00 AM,"2,022",1899-12-31T07:55:00.000,MAÑANA,LUNES,ESTONIA,CARRERA 30 CALLE 43,URBANA,TECNICO,3.53886,-76.29868,TRANSITAR EN CONTRAVIA,127,MOTOCICLISTA,CHOQUE,52,FEMENINA,LESIONADO,PALMA,MOTO,HONDA,PRADERA,PARTICULAR,NO APLICA
DAÑOS,05/07/2022 12:00:00 AM,"2,022",1899-12-31T21:05:00.000,NOCHE,SABADO,BIZERTA,CALLE 36 CARRERA 21,URBANA,TECNICO,3.53203,-76.29231,DESOBEDESER SEÑAL,112,NO APLICA,CHOQUE,48,MASCULINO,NO APLICA,NO APLICA,AUTOMOVIL,CHEVROLET,BOGOTA,PARTICULAR,NO APLICA
DAÑOS,05/07/2022 12:00:00 AM,"2,022",1899-12-31T21:05:00.000,NOCHE,SABADO,BIZERTA,CALLE 36 CARRERA 21,URBANA,TECNICO,3.53203,-76.29231,DESOBEDESER SEÑAL,112,NO APLICA,CHOQUE,29,MASCULINO,NO APLICA,NO APLICA,MOTO,HERO,FLORIDA,PARTICULAR,NO APLICA
DAÑOS,05/07/2022 12:00:00 AM,"2,022",1899-12-31T00:30:00.000,MADRUGADA,SABADO,COLOMBIA,CALLE 36 CARRERA 31,URBANA,TECNICO,3.53203,-76.29231,SEMAFORO EN ROJO,142,NO APLICA,CHOQUE,29,MASCULINO,NO APLICA,NO APLICA,AUTOMOVIL,MAZDA,HUILA,PARTICULAR,NO APLICA
DAÑOS,05/07/2022 12:00:00 AM,"2,022",1899-12-31T00:30:00.000,MADRUGADA,SABADO,COLOMBIA,CALLE 36 CARRERA 31,URBANA,TECNICO,3.53203,-76.29231,SEMAFORO EN ROJO,142,NO APLICA,CHOQUE,48,FEMENINA,NO APLICA,NO APLICA,AUTOMOVIL,VOLKWAGEN,PALMIRA,PARTICULAR,NO APLICA
HERIDOS,05/08/2022 12:00:00 AM,"2,022",1899-12-31T07:40:00.000,MAÑANA,DOMINGO,PRADO,CALLE 42 CARRERA 39,URBANA,TECNICO,,,CRUZAR SIN OBSERVAR,409,NO APLICA,ATROPELLO,38,MASCULINO,NO APLICA,NO APLICA,MOTO,YAMAHA,GUACARI,PARTICULAR,NO APLICA
HERIDOS,05/08/2022 12:00:00 AM,"2,022",1899-12-31T07:40:00.000,MAÑANA,DOMINGO,PRADO,CALLE 42 CARRERA 39,URBANA,TECNICO,,,CRUZAR SIN OBSERVAR,409,PEATON,ATROPELLO,56,FEMENINA,LESIONADO,PALMA,NO APLICA,NO APLICA,NO APLICA,NO APLICA,NO APLICA
HERIDOS,05/08/2022 12:00:00 AM,"2,022",1899-12-31T08:15:00.000,MAÑANA,DOMINGO,CENTRO POBLAO ROZO,AVENIDAD 9 N 13-802,RURAL,TECNICO,,,ADELANTAR EN CURVA,109,NO APLICA,CHOQUE,29,MASCULINO,NO APLICA,NO APLICA,AUTOMOVIL,KIA,CALI,PARTICULAR,NO APLICA
HERIDOS,05/08/2022 12:00:00 AM,"2,022",1899-12-31T08:15:00.000,MAÑANA,DOMINGO,CENTRO POBLAO ROZO,AVENIDAD 9 N 13-802,RURAL,TECNICO,,,ADELANTAR EN CURVA,109,MOTOCICLISTA,CHOQUE,34,FEMENINA,LESIONADO,RAUL,MOTOCARRO,BAJAJ,CALI,PARTICULAR,NO APLICA
HERIDOS,05/08/2022 12:00:00 AM,"2,022",1899-12-31T12:30:00.000,TARDE,DOMINGO,ZAMORANO,CALLE 67 CARRERA 31,URBANA,TECNICO,,,REALIZAR MANIOBRAS PELIGROSAS,157,NO APLICA,CHOQUE,53,MASCULINO,NO APLICA,NO APLICA,MOTO,TVS,PALMIRA,PARTICULAR,NO APLICA
HERIDOS,05/08/2022 12:00:00 AM,"2,022",1899-12-31T12:30:00.000,TARDE,DOMINGO,ZAMORANO,CALLE 67 CARRERA 31,URBANA,TECNICO,,,REALIZAR MANIOBRAS PELIGROSAS,157,MOTOCICLISTA,CHOQUE,18,MASCULINO,LESIONADO,IPS POSITIVA,MOTO,AKT,PRADERA,PARTICULAR,NO APLICA
HERIDOS,05/08/2022 12:00:00 AM,"2,022",1899-12-31T12:30:00.000,TARDE,DOMINGO,ZAMORANO,CALLE 67 CARRERA 31,URBANA,TECNICO,,,REALIZAR MANIOBRAS PELIGROSAS,157,ACOMPAÑANTE MOTOCICLISTA,CHOQUE,3,MASCULINO,LESIONADO,PALMA,NO APLICA,NO APLICA,NO APLICA,NO APLICA,NO APLICA
HERIDOS,05/08/2022 12:00:00 AM,"2,022",1899-12-31T12:30:00.000,TARDE,DOMINGO,ZAMORANO,CALLE 67 CARRERA 31,URBANA,TECNICO,,,REALIZAR MANIOBRAS PELIGROSAS,157,ACOMPAÑANTE MOTOCICLISTA,CHOQUE,12,FEMENINA,LESIONADO,IPS POSITIVA,NO APLICA,NO APLICA,NO APLICA,NO APLICA,NO APLICA
DAÑOS,05/08/2022 12:00:00 AM,"2,022",1899-12-31T14:05:00.000,TARDE,DOMINGO,AEROPUERTO,CONDOR 11,RURAL,TECNICO,3.53549,-76.38908,NO MANTENER DISTANCIA SEGURIDAD,121,NO APLICA,CHOQUE,26,MASCULINO,NO APLICA,NO APLICA,AUTOMOVIL,KIA,CALI,PARTICULAR,NO APLICA
DAÑOS,05/08/2022 12:00:00 AM,"2,022",1899-12-31T14:05:00.000,TARDE,DOMINGO,AEROPUERTO,CONDOR 11,RURAL,TECNICO,3.53549,-76.38908,NO MANTENER DISTANCIA SEGURIDAD,121,NO APLICA,CHOQUE,61,FEMENINA,NO APLICA,NO APLICA,CAMIONETA,NISSAN,CALI,PARTICULAR,NO APLICA
HERIDOS,05/09/2022 12:00:00 AM,"2,022",1899-12-31T12:45:00.000,TARDE,LUNES,URIBE,CALLE 34 CARRERA 22,URBANA,TECNICO,,,ARRANCAR SIN PRECAUCION,145,NO APLICA,CHOQUE,45,MASCULINO,NO APLICA,NO APLICA,BUS,FORD,YUMBO,PUBLICO,COODETRANS PALMIRA
HERIDOS,05/09/2022 12:00:00 AM,"2,022",1899-12-31T12:45:00.000,TARDE,LUNES,URIBE,CALLE 34 CARRERA 22,URBANA,TECNICO,,,ARRANCAR SIN PRECAUCION,145,MOTOCICLISTA,CHOQUE,47,FEMENINA,LESIONADO,PALMIRA,MOTO,HONDA,GUACARI,PARTICULAR,NO APLICA
DAÑOS,05/09/2022 12:00:00 AM,"2,022",1899-12-31T19:00:00.000,NOCHE,LUNES,ZAMORANO,CARRER 28 CALLE 65 -66,URBANA,TECNICO,,,POR ESTABLECER,157,NO APLICA,CHOQUE,31,FEMENINA,NO APLICA,NO APLICA,AUTOMOVIL,CHEVROLET,CALI,PARTICULAR,NO APLICA
DAÑOS,05/09/2022 12:00:00 AM,"2,022",1899-12-31T19:00:00.000,NOCHE,LUNES,ZAMORANO,CARRER 28 CALLE 65 -66,URBANA,TECNICO,,,POR ESTABLECER,157,NO APLICA,CHOQUE,69,MASCULINO,NO APLICA,NO APLICA,CAMION,DODGE,CARTAGO,PUBLICO,NO APLICA
DAÑOS,05/09/2022 12:00:00 AM,"2,022",1899-12-31T19:40:00.000,NOCHE,LUNES,CENTRO POBLAO ROZO,CALLE 10 CARRERA 11,URBANA,TECNICO,,,REVERSO IMPRUDENTE,134,NO APLICA,CHOQUE,49,MASCULINO,NO APLICA,NO APLICA,AUTOMOVIL,RENAULT,PALMIRA,PARTICULAR,NO APLICA
DAÑOS,05/09/2022 12:00:00 AM,"2,022",1899-12-31T19:40:00.000,NOCHE,LUNES,CENTRO POBLAO ROZO,CALLE 10 CARRERA 11,URBANA,TECNICO,,,REVERSO IMPRUDENTE,134,NO APLICA,CHOQUE,38,MASCULINO,NO APLICA,NO APLICA,CAMION,FRUGHTINER,CUNDINAMARCA,PUBLICO,NO APLICA
HERIDOS,05/09/2022 12:00:00 AM,"2,022",1899-12-31T21:40:00.000,NOCHE,LUNES,SAN PEDRO,CARRER 19 CALLE 38-26,URBANA,TECNICO,,,PONER EN MARCHA VEHICULO SIN PRECAUCION,143,MOTOCICLISTA,CHOQUE,35,MASCULINO,LESIONADO,RAUL,MOTO,SUZUKI,LA VIRGINIA,PARTICULAR,NO APLICA
HERIDOS,05/09/2022 12:00:00 AM,"2,022",1899-12-31T21:40:00.000,NOCHE,LUNES,SAN PEDRO,CARRER 19 CALLE 38-26,URBANA,TECNICO,,,PONER EN MARCHA VEHICULO SIN PRECAUCION,143,NO APLICA,CHOQUE,51,FEMENINA,NO APLICA,NO APLICA,CAMIONETA,MITSUBISHI,BOGOTA,PARTICULAR,NO APLICA
HERIDOS,05/10/2022 12:00:00 AM,"2,022",1899-12-31T09:45:00.000,MAÑANA,MARTES,SEMBRADOR,CALLE 23 CARRERA 23,URBANA,TECNICO,,,ARRANCAR SIN PRECAUCION,145,MOTOCICLISTA,CHOQUE,45,FEMENINA,LESIONADO,PALMIRA,MOTO,VICTORY,FLORIDA,PARTICULAR,NO APLICA
HERIDOS,05/10/2022 12:00:00 AM,"2,022",1899-12-31T09:45:00.000,MAÑANA,MARTES,SEMBRADOR,CALLE 23 CARRERA 23,URBANA,TECNICO,,,ARRANCAR SIN PRECAUCION,145,MOTOCICLISTA,CHOQUE,21,MASCULINO,LESIONADO,PALMIRA,MOTO,AKT,PALMIRA,PARTICULAR,NO APLICA
HERIDOS,05/10/2022 12:00:00 AM,"2,022",1899-12-31T12:22:00.000,TARDE,MARTES,VIA PALMIRA CANDELARIA,HOTEL LAS VICTORIAS,URBANA,TECNICO,,,GIRAR BRUSCAMENTE,122,CICLISTA,CHOQUE,28,FEMENINA,LESIONADO,IPS POSITIVA,BICICLETA,NO APLICA,NO APLICA,PARTICULAR,NO APLICA
HERIDOS,05/10/2022 12:00:00 AM,"2,022",1899-12-31T12:22:00.000,TARDE,MARTES,VIA PALMIRA CANDELARIA,HOTEL LAS VICTORIAS,URBANA,TECNICO,,,GIRAR BRUSCAMENTE,122,NO APLICA,CHOQUE,24,FEMENINA,NO APLICA,NO APLICA,AUTOMOVIL,CHEVROLET,ARMENIA,PARTICULAR,NO APLICA
HERIDOS,05/10/2022 12:00:00 AM,"2,022",1899-12-31T19:00:00.000,NOCHE,MARTES,SEMBRADOR,CARRRA 17 CALLE 27,URBANA,TECNICO,,,DESOBEDESER SEÑAL,112,MOTOCICLISTA,CHOQUE,54,FEMENINA,LESIONADO,PALMA,MOTO,HONDA,FLORIDA,PARTICULAR,NO APLICA
HERIDOS,05/10/2022 12:00:00 AM,"2,022",1899-12-31T19:00:00.000,NOCHE,MARTES,SEMBRADOR,CARRRA 17 CALLE 27,URBANA,TECNICO,,,DESOBEDESER SEÑAL,112,NO APLICA,CHOQUE,38,MASCULINO,NO APLICA,NO APLICA,CAMIONETA,RENAULT,GUACARI,PARTICULAR,NO APLICA
HERIDOS,05/10/2022 12:00:00 AM,"2,022",1899-12-31T19:00:00.000,NOCHE,MARTES,SEMBRADOR,CARRRA 17 CALLE 27,URBANA,TECNICO,,,DESOBEDESER SEÑAL,112,ACOMPAÑANTE MOTOCICLISTA,CHOQUE,12,FEMENINA,LESIONADO,PALMA,NO APLICA,NO APLICA,NO APLICA,NO APLICA,NO APLICA
HERIDOS,05/10/2022 12:00:00 AM,"2,022",1899-12-31T19:00:00.000,NOCHE,MARTES,COLOMBINA,CALLE 28 CARRERA 13,URBANA,TECNICO,,,DESOBEDESER SEÑAL,112,MOTOCICLISTA,CHOQUE,30,MASCULINO,LESIONADO,PALMIRA,MOTO,SUZUKI,PALMIRA,PARTICULAR,NO APLICA
HERIDOS,05/10/2022 12:00:00 AM,"2,022",1899-12-31T19:00:00.000,NOCHE,MARTES,COLOMBINA,CALLE 28 CARRERA 13,URBANA,TECNICO,,,DESOBEDESER SEÑAL,112,NO APLICA,CHOQUE,60,MASCULINO,NO APLICA,NO APLICA,AUTOMOVIL,MAZDA,CALI,PARTICULAR,NO APLICA
HERIDOS,05/10/2022 12:00:00 AM,"2,022",1899-12-31T22:30:00.000,NOCHE,MARTES,RICON DEL BOSQUE,CALLE 31 CARRERA 9,URBANA,TECNICO,,,REVERSO IMPRUDENTE,134,NO APLICA,CHOQUE,62,MASCULINO,NO APLICA,NO APLICA,AUTOMOVIL,JAC,PALMIRA,PUBLICO,NO APLICA
HERIDOS,05/10/2022 12:00:00 AM,"2,022",1899-12-31T22:30:00.000,NOCHE,MARTES,RICON DEL BOSQUE,CALLE 31 CARRERA 9,URBANA,TECNICO,,,REVERSO IMPRUDENTE,134,MOTOCICLISTA,CHOQUE,20,MASCULINO,LESIONADO,PALMIRA,MOTO,AKT,CALI,PARTICULAR,NO APLICA
HERIDOS,05/10/2022 12:00:00 AM,"2,022",1899-12-31T22:30:00.000,NOCHE,MARTES,RICON DEL BOSQUE,CALLE 31 CARRERA 9,URBANA,TECNICO,,,REVERSO IMPRUDENTE,134,ACOMPAÑANTE MOTOCICLISTA,CHOQUE,20,FEMENINA,LESIONADO,PALMIRA,NO APLICA,NO APLICA,NO APLICA,NO APLICA,NO APLICA
DAÑOS,05/12/2022 12:00:00 AM,"2,022",1899-12-31T16:20:00.000,TARDE,JUEVES,SANTA RITA,CARRERA 28 CALLE 333-19,URBANA,TECNICO,,,NO MANTENER DISTANCIA SEGURIDAD,121,NO APLICA,CHOQUE,32,FEMENINA,NO APLICA,NO APLICA,AUTOMOVIL,VOLKWAGEN,FUNZA,PARTICULAR,NO APLICA
DAÑOS,05/12/2022 12:00:00 AM,"2,022",1899-12-31T16:20:00.000,TARDE,JUEVES,SANTA RITA,CARRERA 28 CALLE 333-19,URBANA,TECNICO,,,NO MANTENER DISTANCIA SEGURIDAD,121,NO APLICA,CHOQUE,36,MASCULINO,NO APLICA,NO APLICA,MICROBUS,CHEVROLET,PALMIRA,PUBLICO,MONTEBELLO
HERIDOS,05/12/2022 12:00:00 AM,"2,022",1899-12-31T19:00:00.000,NOCHE,JUEVES,LAS PALMERA,CALLE 36 CARRERA 1-94,URBANA,TECNICO,,,INVADIR CARRIL SENTIDO CONTRARIO,157,NO APLICA,CHOQUE,42,MASCULINO,NO APLICA,NO APLICA,MOTO,HOND,GUACARI,PARTICULAR,NO APLICA
HERIDOS,05/12/2022 12:00:00 AM,"2,022",1899-12-31T19:00:00.000,NOCHE,JUEVES,LAS PALMERA,CALLE 36 CARRERA 1-94,URBANA,TECNICO,,,INVADIR CARRIL SENTIDO CONTRARIO,157,MOTOCICLISTA,CHOQUE,18,MASCULINO,LESIONADO,PALMIRA,MOTO,SUZUKI,CARTAGO,PARTICULAR,NO APLICA
HERIDOS,05/12/2022 12:00:00 AM,"2,022",1899-12-31T19:00:00.000,NOCHE,JUEVES,LAS PALMERA,CALLE 36 CARRERA 1-94,URBANA,TECNICO,,,INVADIR CARRIL SENTIDO CONTRARIO,157,ACOMPAÑANTE MOTOCICLISTA,CHOQUE,6,FEMENINA,LESIONADO,PALMA,NO APLICA,NO APLICA,NO APLICA,NO APLICA,NO APLICA
HERIDOS,05/12/2022 12:00:00 AM,"2,022",1899-12-31T19:00:00.000,NOCHE,JUEVES,LAS PALMERA,CALLE 36 CARRERA 1-94,URBANA,TECNICO,,,INVADIR CARRIL SENTIDO CONTRARIO,157,ACOMPAÑANTE MOTOCICLISTA,CHOQUE,6,FEMENINA,LESIONADO,PALMA,NO APLICA,NO APLICA,NO APLICA,NO APLICA,NO APLICA
HERIDOS,05/13/2022 12:00:00 AM,"2,022",1899-12-31T05:30:00.000,MADRUGADA,VIERNES,BARRIO NUEVO,CALLE 22 CARRERA 30,URBANA,TECNICO,,,TRANSITAR EN CONTRA VIA,127,MOTOCICLISTA,CHOQUE,31,FEMENINA,LESIONADO,PALMIRA,MOTO,VICTORY,PALMIRA,PARTICULAR,NO APLICA
HERIDOS,05/13/2022 12:00:00 AM,"2,022",1899-12-31T05:30:00.000,MADRUGADA,VIERNES,BARRIO NUEVO,CALLE 22 CARRERA 30,URBANA,TECNICO,,,TRANSITAR EN CONTRA VIA,127,CICLISTA,CHOQUE,36,MASCULINO,LESIONADO,PALMIRA,BICICLIETA,TREK,NO APLICA,PARTICULAR,NO APLICA
HERIDOS,05/13/2022 12:00:00 AM,"2,022",1899-12-31T17:20:00.000,TARDE,VIERNES,BARRIO NUEVO,CARRERA 33A CALLE 20,URBANA,TECNICO,,,RECOGER PASAJEROS Y DEJAR EN SITIO DISTINTO,128,NO APLICA,CHOQUE,40,MASCULINO,NO APLICA,NO APLICA,BUS,HINO,GUACARI,PUBLICO,NO APLICA
HERIDOS,05/13/2022 12:00:00 AM,"2,022",1899-12-31T17:20:00.000,TARDE,VIERNES,BARRIO NUEVO,CARRERA 33A CALLE 20,URBANA,TECNICO,,,RECOGER PASAJEROS Y DEJAR EN SITIO DISTINTO,128,MOTOCICLISTA,CHOQUE,65,MASCULINO,LESIONADO,PALMIRA,MOTO,SUZUKI,PALMIRA,PARTICULAR,NO APLICA
DAÑOS,05/14/2022 12:00:00 AM,"2,022",1899-12-31T14:10:00.000,TARDE,SABADO,INDUSTRIA,CALLE 42 CARRERA 35,URBANA,TECNICO,,,NO MANTENER DISTANCIA SEGURIDAD,121,NO APLICA,CHOQUE,56,MASCULINO,NO APLICA,NO APLICA,AUTOMOVIL,KIA,PALMIRA,PUBLICO,COOTRANSPAL
DAÑOS,05/14/2022 12:00:00 AM,"2,022",1899-12-31T14:10:00.000,TARDE,SABADO,INDUSTRIA,CALLE 42 CARRERA 35,URBANA,TECNICO,,,NO MANTENER DISTANCIA SEGURIDAD,121,NO APLICA,CHOQUE,21,FEMENINA,NO APLICA,NO APLICA,CAMIONETA,RENAULT,CALI,PARTICULAR,NO APLICA
HERIDOS,05/14/2022 12:00:00 AM,"2,022",1899-12-31T16:00:00.000,TARDE,SABADO,LOS PINOS,CALE 42 CARRERA 26-15,URBANA,TECNICO,,,MANIOBRAS PELIGROSAS,157,MOTOCICLISTA,CHOQUE,55,MASCULINO,LESIONADO,IPS POSITIVA,MOTO,AKT,FLORIDA,PARTICULAR,NO APLICA
HERIDOS,05/14/2022 12:00:00 AM,"2,022",1899-12-31T16:00:00.000,TARDE,SABADO,LOS PINOS,CALE 42 CARRERA 26-15,URBANA,TECNICO,,,MANIOBRAS PELIGROSAS,157,MOTOCICLISTA,CHOQUE,19,MASCULINO,LESIONADO,IPS POSITIVA,MOTO,HONDA,GUACARI,PARTICULAR,NO APLICA
HERIDOS,05/14/2022 12:00:00 AM,"2,022",1899-12-31T16:00:00.000,TARDE,SABADO,LOS PINOS,CALE 42 CARRERA 26-15,URBANA,TECNICO,,,MANIOBRAS PELIGROSAS,157,ACOMPAÑANTE MOTOCICLISTA,CHOQUE,50,FEMENINA,LESIONADO,IPS POSITIVA,NO APLICA,NO APLICA,NO APLICA,NO APLICA,NO APLICA
DAÑOS,05/14/2022 12:00:00 AM,"2,022",1899-12-31T15:40:00.000,TARDE,SABADO,BERLIN,CALLE 42 CARRERA 31-80,URBANA,TECNICO,,,REVERSO IMPRUDENTE,134,NO APLICA,CHOQUE,34,MASCULINO,NO APLICA,NO APLICA,CAMIONETA,CHEVROLET,PALMIRA,PARTICULAR,NO APLICA
DAÑOS,05/14/2022 12:00:00 AM,"2,022",1899-12-31T15:40:00.000,TARDE,SABADO,BERLIN,CALLE 42 CARRERA 31-80,URBANA,TECNICO,,,REVERSO IMPRUDENTE,134,NO APLICA,CHOQUE,47,MASCULINO,NO APLICA,NO APLICA,CAMIONETA,CHEVROLET,PRADERA,PARTICULAR,NO APLICA
DAÑOS,05/15/2022 12:00:00 AM,"2,022",1899-12-31T17:35:00.000,TARDE,DOMINGO,SAN ISABEL,CARRERA 28 CALLE 44-205,URBANA,TECNICO,,,NO MANTENER DISTANCIA SEGURIDAD,121,NO APLICA,CHOQUE,45,MASCULINO,NO APLICA,NO APLICA,AUTOMOVIL,RENAULT,CALI,PARTICULAR,NO APLICA
DAÑOS,05/15/2022 12:00:00 AM,"2,022",1899-12-31T17:35:00.000,TARDE,DOMINGO,SAN ISABEL,CARRERA 28 CALLE 44-205,URBANA,TECNICO,,,NO MANTENER DISTANCIA SEGURIDAD,121,NO APLICA,CHOQUE,49,MASCULINO,NO APLICA,NO APLICA,AUTOMOVIL,SUZUKI,CALI,PARTICULAR,NO APLICA
DAÑOS,05/15/2022 12:00:00 AM,"2,022",1899-12-31T17:35:00.000,TARDE,DOMINGO,SAN ISABEL,CARRERA 28 CALLE 44-205,URBANA,TECNICO,,,NO MANTENER DISTANCIA SEGURIDAD,121,NO APLICA,CHOQUE,45,FEMENINA,NO APLICA,NO APLICA,AUTOMOVIL,CHEVROLET,CALI,PARTICULAR,NO APLICA
DAÑOS,05/15/2022 12:00:00 AM,"2,022",1899-12-31T19:50:00.000,NOCHE,DOMINGO,ITALIA,CARRERA 24 CALLE 6-87,URBANA,TECNICO,,,ADELANTAR CERRANDO,103,NO APLICA,CHOQUE,42,MASCULINO,NO APLICA,NO APLICA,AUTOMOVIL,KIA,PALMIRA,PARTICULAR,NO APLICA
DAÑOS,05/15/2022 12:00:00 AM,"2,022",1899-12-31T19:50:00.000,NOCHE,DOMINGO,ITALIA,CARRERA 24 CALLE 6-87,URBANA,TECNICO,,,ADELANTAR CERRANDO,103,NO APLICA,CHOQUE,60,MASCULINO,NO APLICA,NO APLICA,CAMIONETA,MITSUBISHI,ZIPAQUIRA,PARTICULAR,NO APLICA
HERIDOS,05/15/2022 12:00:00 AM,"2,022",1899-12-31T23:05:00.000,NOCHE,DOMINGO,CAMPESTRE,CALLE 42 CARRERA 6-03,URBANA,TECNICO,,,IMPERICIA EN EL MANEJO,139,NO APLICA,CHOQUE,43,FEMENINA,NO APLICA,NO APLICA,AUTOMOVIL,KIA,CALI,PARTICULAR,NO APLICA
HERIDOS,05/15/2022 12:00:00 AM,"2,022",1899-12-31T23:05:00.000,NOCHE,DOMINGO,CAMPESTRE,CALLE 42 CARRERA 6-03,URBANA,TECNICO,,,IMPERICIA EN EL MANEJO,139,MOTOCICLISTA,CHOQUE,35,MASCULINO,LESIONADO,PALMA,MOTO,SUZUKI,CALI,PARTICULAR,NO APLICA
DAÑOS,05/16/2022 12:00:00 AM,"2,022",1899-12-31T04:50:00.000,MADRUGADA,LUNES,CENTRO,CALLE 31 CARRERA 32,URBANA,TECNICO,,,SEMAFORO EN ROJO,142,NO APLICA,CHOQUE,52,MASCULINO,NO APLICA,NO APLICA,AUTOMOVIL,KIA,FLORIDA BLANCA,PARTICULAR,NO APLICA