CLASE ACCIDENTE,FECHA,AÑO,HORA,JORNADA,DIA_SEMANA,BARRIOS-CORREGIMIENTO- VIA,DIRECCION,ZONA,AUTORIDAD,LAT,LONG,HIPOTESIS,CODIGO,CONDICION DE LA VICTIMA,GRAVEDAD,EDAD,GENERO,LESIONADOS Y MUERTOS,CLINICA,CLASE VEHICULO,MARCA,MATRICULA,TIPO DE SERVICIO,EMPRESA
DAÑOS,05/16/2022 12:00:00 AM,"2,022",1899-12-31T04:50:00.000,MADRUGADA,LUNES,CENTRO,CALLE 31 CARRERA 32,URBANA,TECNICO,,,SEMAFORO EN ROJO,142,NO APLICA,CHOQUE,22,MASCULINO,NO APLICA,NO APLICA,MOTO,YAMAHA,BOGOTA,PARTICULAR,NO APLICA
DAÑOS,05/14/2022 12:00:00 AM,"2,022",1899-12-31T21:00:00.000,NOCHE,SABADO,VERSALLES,CALLE 42 CARRERA 28,URBANA,TECNICO,,,MAL USO DEL CARRIL,157,NO APLICA,CHOQUE,58,MASCULINO,NO APLICA,NO APLICA,AUTOMOVIL,HYUNDAI,PALMIRA,PARTICULAR,NO APLICA
DAÑOS,05/14/2022 12:00:00 AM,"2,022",1899-12-31T21:00:00.000,NOCHE,SABADO,VERSALLES,CALLE 42 CARRERA 28,URBANA,TECNICO,,,MAL USO DEL CARRIL,157,NO APLICA,CHOQUE,54,MASCULINO,NO APLICA,NO APLICA,CAMION,FORD,ZARZAL,PUBLICO,NO APLICA
DAÑOS,05/16/2022 12:00:00 AM,"2,022",1899-12-31T14:40:00.000,TARDE,LUNES,VERSALLES,CALLE 42 CARRERA 30,URBANA,TECNICO,,,NO MANTENER DISTANCIA SEGURIDAD,121,NO APLICA,CHOQUE,21,MASCULINO,NO APLICA,NO APLICA,AUTOMOVIL,CHEVROLET,PALMIRA,PARTICULAR,NO APLICA
DAÑOS,05/16/2022 12:00:00 AM,"2,022",1899-12-31T14:40:00.000,TARDE,LUNES,VERSALLES,CALLE 42 CARRERA 30,URBANA,TECNICO,,,NO MANTENER DISTANCIA SEGURIDAD,121,NO APLICA,CHOQUE,36,MASCULINO,NO APLICA,NO APLICA,MOTO,SUZUKI,FLORIDA,PARTICULAR,NO APLICA
DAÑOS,05/16/2022 12:00:00 AM,"2,022",1899-12-31T16:20:00.000,TARDE,LUNES,BERLIN,CALLE 44 CARRERA 30,URBANA,TECNICO,,,DESOBEDESER SEÑAL,112,NO APLICA,CHOQUE,65,MASCULINO,NO APLICA,NO APLICA,CAMIONETA,FORD,CALI,PARTICULAR,NO APLICA
DAÑOS,05/16/2022 12:00:00 AM,"2,022",1899-12-31T16:20:00.000,TARDE,LUNES,BERLIN,CALLE 44 CARRERA 30,URBANA,TECNICO,,,DESOBEDESER SEÑAL,112,NO APLICA,CHOQUE,25,MASCULINO,NO APLICA,NO APLICA,MOTO,HONDA,GUACARI,PARTICULAR,NO APLICA
HERIDOS,05/16/2022 12:00:00 AM,"2,022",1899-12-31T07:10:00.000,MAÑANA,LUNES,OBRERO,CALLE 36 CARRERA 26,URBANA,TECNICO,,,DESOBEDESER SEÑAL,112,MOTOCICLISTA,CHOQUE,45,MASCULINO,LESIONADO,PALMIRA,MOTO,BAJAJ,PALMIRA,PARTICULAR,NO APLICA
HERIDOS,05/16/2022 12:00:00 AM,"2,022",1899-12-31T07:10:00.000,MAÑANA,LUNES,OBRERO,CALLE 36 CARRERA 26,URBANA,TECNICO,,,DESOBEDESER SEÑAL,112,MOTOCICLISTA,CHOQUE,21,MASCULINO,NO APLICA,NO APLICA,AUTOMOVIL,CHEVROLET,PALMIRA,PARTICULAR,NO APLICA
DAÑOS,05/17/2022 12:00:00 AM,"2,022",1899-12-31T20:20:00.000,NOCHE,MARTES,OLIMPICO,CALLE 25 CARRERA 41,URBANA,TECNICO,,,NO RESPETAR PRELACION,123,NO APLICA,CHOQUE,19,MASCULINO,NO APLICA,NO APLICA,MOTO,KTM,PALMIRA,PARTICULAR,NO APLICA
DAÑOS,05/17/2022 12:00:00 AM,"2,022",1899-12-31T20:20:00.000,NOCHE,MARTES,OLIMPICO,CALLE 25 CARRERA 41,URBANA,TECNICO,,,NO RESPETAR PRELACION,123,NO APLICA,CHOQUE,38,MASCULINO,NO APLICA,NO APLICA,MOTO,AUTECO,ARMENIA,PARTICULAR,NO APLICA
DAÑOS,05/18/2022 12:00:00 AM,"2,022",1899-12-31T06:20:00.000,MAÑANA,MIERCOLES,PRADO,CALLE 42 CARRERA 43 -44,URBANA,TECNICO,,,NO MANTENER DISTANCIA SEGURIDAD,121,NO APLICA,CHOQUE,45,MASCULINO,NO APLICA,NO APLICA,AUTOMOVIL,NISSAN,CALI,PARTICULAR,NO APLICA
DAÑOS,05/18/2022 12:00:00 AM,"2,022",1899-12-31T06:20:00.000,MAÑANA,MIERCOLES,PRADO,CALLE 42 CARRERA 43 -44,URBANA,TECNICO,,,NO MANTENER DISTANCIA SEGURIDAD,121,NO APLICA,CHOQUE,49,MASCULINO,NO APLICA,NO APLICA,CAMION,JAC,CALI,PARTICULAR,NO APLICA
DAÑOS,05/18/2022 12:00:00 AM,"2,022",1899-12-31T07:00:00.000,MAÑANA,MIERCOLES,DANUBIO,CALLE 33 CARRERA 19,URBANA,TECNICO,,,ADELANTAR POR LA DERECHA,102,NO APLICA,CHOQUE,26,MASCULINO,NO APLICA,NO APLICA,VOLQUETA,FORD,CALI,PARTICULAR,NO APLICA
DAÑOS,05/18/2022 12:00:00 AM,"2,022",1899-12-31T07:00:00.000,MAÑANA,MIERCOLES,DANUBIO,CALLE 33 CARRERA 19,URBANA,TECNICO,,,ADELANTAR POR LA DERECHA,102,NO APLICA,CHOQUE,25,MASCULINO,NO APLICA,NO APLICA,MOTO,SUZUKI,JAMUNDI,PARTICULAR,NO APLICA
DAÑOS,05/18/2022 12:00:00 AM,"2,022",1899-12-31T09:30:00.000,MAÑANA,MIERCOLES,ZAMORANO,CARRERA 28 CALLE 69C,URBANA,TECNICO,,,ARRANCAR SIN PRECAUCION,145,NO APLICA,CHOQUE,48,MASCULINO,NO APLICA,NO APLICA,MICROBUS,CHEVROLET,ELCERRITO,PUBLICO,EXPRESO EL CERRITO
DAÑOS,05/18/2022 12:00:00 AM,"2,022",1899-12-31T09:30:00.000,MAÑANA,MIERCOLES,ZAMORANO,CARRERA 28 CALLE 69C,URBANA,TECNICO,,,ARRANCAR SIN PRECAUCION,145,NO APLICA,CHOQUE,25,FEMENINA,NO APLICA,NO APLICA,AUTOMOVIL,CHEVROLET,PALMIRA,PARTICULAR,NO APLICA
MUERTO,05/18/2022 12:00:00 AM,"2,022",1899-12-31T09:00:00.000,MAÑANA,MIERCOLES,BARRIO NUEVO,CARRERA 30 CALLE 20,URBANA,TECNICO,,,DESOBEDESER SEÑAL,112,NO APLICA,CHOQUE,59,MASCULINO,NO APLICA,NO APLICA,CAMIONETA,CHEVROLET,PALMIRA,PARTICULAR,NO APLICA
MUERTO,05/18/2022 12:00:00 AM,"2,022",1899-12-31T09:00:00.000,MAÑANA,MIERCOLES,BARRIO NUEVO,CARRERA 30 CALLE 20,URBANA,TECNICO,,,DESOBEDESER SEÑAL,112,MOTOCICLISTA,CHOQUE,72,MASCULINO,MUERTO,NO APLICA,MOTO,YAMAHA,PALMIRA,PARTICULAR,NO APLICA
MUERTO,05/18/2022 12:00:00 AM,"2,022",1899-12-31T09:00:00.000,MAÑANA,MIERCOLES,BARRIO NUEVO,CARRERA 30 CALLE 20,URBANA,TECNICO,,,DESOBEDESER SEÑAL,112,ACOMPAÑANTE MOTOCICLISTA,CHOQUE,66,FEMENINA,LESIONADO,PALMIRA,NO APLICA,NO APLICA,NO APLICA,NO APLICA,NO APLICA
HERIDOS,05/18/2022 12:00:00 AM,"2,022",1899-12-31T16:00:00.000,TARDE,MIERCOLES,CHAPINERO SUR,CARRERA 32 DIAGONAL 4,URBANA,TECNICO,,,NO ESTAR PENDIENTE DE LA VIA,157,NO APLICA,CHOQUE,62,MASCULINO,NO APLICA,NO APLICA,AUTOMOVIL,CHEVROLET,GUACARI,PARTICULAR,NO APLICA
HERIDOS,05/18/2022 12:00:00 AM,"2,022",1899-12-31T16:00:00.000,TARDE,MIERCOLES,CHAPINERO SUR,CARRERA 32 DIAGONAL 4,URBANA,TECNICO,,,NO ESTAR PENDIENTE DE LA VIA,157,MOTOCICLISTA,CHOQUE,18,MASCULINO,LESIONADO,PALMIRA,MOTO,YAMAHA,ROLDANILLO,PARTICULAR,NO APLICA
HERIDOS,05/19/2022 12:00:00 AM,"2,022",1899-12-31T06:30:00.000,MAÑANA,JUEVES,ESTONIA,CARRERA 32 CALLE 44,URBANA,TECNICO,,,DESOBEDESER SEÑAL,112,MOTOCICLISTA,CHOQUE,32,MASCULINO,LESIONADO,PALMA,MOTO,KIMCO,PRADERA,PARTICULAR,NO APLICA
HERIDOS,05/19/2022 12:00:00 AM,"2,022",1899-12-31T06:30:00.000,MAÑANA,JUEVES,ESTONIA,CARRERA 32 CALLE 44,URBANA,TECNICO,,,DESOBEDESER SEÑAL,112,NO APLICA,CHOQUE,63,MASCULINO,NO APLICA,NO APLICA,AUTOMOVIL,GEELY,PALMIRA,PUBLICO,UNITAX
HERIDOS,05/19/2022 12:00:00 AM,"2,022",1899-12-31T06:30:00.000,MAÑANA,JUEVES,ESTONIA,CARRERA 32 CALLE 44,URBANA,TECNICO,,,DESOBEDESER SEÑAL,112,ACOMPAÑANTE MOTOCICLISTA,CHOQUE,6,MASCULINO,LESIONADO,PALMA,NO APLICA,NO APLICA,NO APLICA,NO APLICA,NO APLICA
MUERTO,05/19/2022 12:00:00 AM,"2,022",1899-12-31T08:00:00.000,MAÑANA,JUEVES,VIA PALMIRA TABLONES,KM 12 + 200 MTS,RURAL,TECNICO,,,PERDIDA DEL CONTROL DEL VEHICULO,157,MOTOCICLISTA,CHOQUE ARBOL,27,MASCULINO,LESIONADO,PALMA,MOTO,YAMAHA,JAMUNDI,PARTICULAR,NO APLICA
MUERTO,05/19/2022 12:00:00 AM,"2,022",1899-12-31T08:00:00.000,MAÑANA,JUEVES,VIA PALMIRA TABLONES,KM 12 + 200 MTS,RURAL,TECNICO,,,PERDIDA DEL CONTROL DEL VEHICULO,157,ACOMPAÑANTE MOTOCICLISTA,CHOQUE ARBOL,24,MASCULINO,MUERTO,PALMA,NO APLICA,NO APLICA,NO APLICA,NO APLICA,NO APLICA
HERIDOS,05/19/2022 12:00:00 AM,"2,022",1899-12-31T15:20:00.000,TARDE,JUEVES,LOS ROBLES,CARRERA 33A CALLE 19A,URBANA,TECNICO,,,GIRAR BRUSCAMENTE,122,MOTOCICLISTA,CHOQUE,38,FEMENINA,LESIONADO,FRACTURAS,MOTO,HONDA,FLORIDA,PARTICULAR,NO APLICA
HERIDOS,05/19/2022 12:00:00 AM,"2,022",1899-12-31T15:20:00.000,TARDE,JUEVES,LOS ROBLES,CARRERA 33A CALLE 19A,URBANA,TECNICO,,,GIRAR BRUSCAMENTE,122,NO APLICA,CHOQUE,69,MASCULINO,NO APLICA,NO APLICA,AUTOMOVIL,CHEVROLET,CALI,PARTICULAR,NO APLICA
DAÑOS,05/19/2022 12:00:00 AM,"2,022",1899-12-31T14:10:00.000,TARDE,JUEVES,CENTRO,CARRERA 32 CALLE 28-44,URBANA,TECNICO,,,ADELANTAR CERRANDO,103,NO APLICA,CHOQUE,38,MASCULINO,NO APLICA,NO APLICA,AUTOMOVIL,CHEVROLET,FUNZA,PARTICULAR,NO APLICA
DAÑOS,05/19/2022 12:00:00 AM,"2,022",1899-12-31T15:40:00.000,TARDE,JUEVES,VERSALLES,CALLE 42 CARRERA 25-16,URBANA,TECNICO,,,NO MANTENER DISTANCIA SEGURIDAD,121,NO APLICA,CHOQUE,56,MASCULINO,NO APLICA,NO APLICA,AUTOMOVIL,CHEVROLET,CALI,PARTICULAR,NO APLICA
DAÑOS,05/19/2022 12:00:00 AM,"2,022",1899-12-31T15:40:00.000,TARDE,JUEVES,VERSALLES,CALLE 42 CARRERA 25-16,URBANA,TECNICO,,,NO MANTENER DISTANCIA SEGURIDAD,121,NO APLICA,CHOQUE,57,MASCULINO,NO APLICA,NO APLICA,CAMPERO,TOYOTA,ENVIGADO,PARTICULAR,NO APLICA
HERIDOS,05/21/2022 12:00:00 AM,"2,022",1899-12-31T07:40:00.000,MAÑANA,SABADO,FRAY LUIS,CALLE 42 CARRERA 49-50,URBANA,TECNICO,,,GIRAR BRUSCAMENTE,122,NO APLICA,CHOQUE,32,MASCULINO,NO APLICA,NO APLICA,TRACTO CAMION,KENWHORTH,NARIÑO,PUBLICO,NO APLICA
HERIDOS,05/21/2022 12:00:00 AM,"2,022",1899-12-31T07:40:00.000,MAÑANA,SABADO,FRAY LUIS,CALLE 42 CARRERA 49-50,URBANA,TECNICO,,,GIRAR BRUSCAMENTE,122,MOTOCICLISTA,CHOQUE,24,MASCULINO,LESIONADO,PALMIRA,MOTO,YAMAHA,PRADERA,PARTICULAR,NO APLICA
MUERTO,05/22/2022 12:00:00 AM,"2,022",1899-12-31T10:40:00.000,MAÑANA,DOMINGO,CUIDAD DEL CAMPO,CALLE 100 CARRERA 11-12,RURAL,TECNICO,,,CARÁCTER AVERIGUATORIO,157,NO APLICA,ATROPELLO,37,MASCULINO,NO APLICA,NO APLICA,CAMION,JAC,GUACARI,PUBLICO,NO APLICA
MUERTO,05/22/2022 12:00:00 AM,"2,022",1899-12-31T10:40:00.000,MAÑANA,DOMINGO,CUIDAD DEL CAMPO,CALLE 100 CARRERA 11-12,RURAL,TECNICO,,,CARÁCTER AVERIGUATORIO,157,PEATON,ATROPELLO,76,MASCULINO,MUERTO,NO APLICA,NO APLICA,NO APLICA,NO APLICA,NO APLICA,NO APLICA
DAÑOS,05/22/2022 12:00:00 AM,"2,022",1899-12-31T11:00:00.000,MAÑANA,DOMINGO,DEPARTAMENTAL,CARRERA 34A CALLE 51-52,URBANA,TECNICO,,,ESTACIONARSE SIN SEGURIDAD,125,NO APLICA,CHOQUE POSTE,59,MASCULINO,NO APLICA,NO APLICA,CAMIONETA,CHEVROLET,CANDELARIA,PARTICULAR,NO APLICA
DAÑOS,05/22/2022 12:00:00 AM,"2,022",1899-12-31T18:50:00.000,NOCHE,DOMINGO,ALAMEDA,CALLE 69B  CARRERA 25A,URBANA,TECNICO,,,FALTA DE PRECAUCION,157,NO APLICA,CHOQUE,18,MASCULINO,NO APLICA,NO APLICA,AUTOMOVIL,CHEVROLET,CALI,PARTICULAR,NO APLICA
MUERTO,01/16/2022 12:00:00 AM,"2,022",1899-12-31T05:50:00.000,MADRUGADA,DOMINGO,VIA CALI - PALMIRA SUR,KM 8 + 850 MTS,RURAL,POLICIA,3.50837,-76.40868,PERDIDA DEL CONTROL DEL VEHICULO,157,MOTOCICLISTA,CHOQUE VEHICULO ESTACIONADO,26,MASCULINO,MUERTO,NO APLICA,MOTO,NO APLICA,NO APLICA,PARTICULAR,NO APLICA
MUERTO,01/17/2022 12:00:00 AM,"2,022",1899-12-31T15:30:00.000,TARDE,LUNES,VIA PALMIRA - AMAIME,KM 29,RURAL,POLICIA,3.59126,-76.27264,ADELANTAR EN CURVA,101,MOTOCICLISTA,CHOQUE,28,MASCULINO,MUERTO,NO APLICA,MOTO,NO APLICA,NO APLICA,PARTICULAR,NO APLICA
MUERTO,01/18/2022 12:00:00 AM,"2,022",1899-12-31T18:30:00.000,NOCHE,MARTES,VIA SUCROMILLES - INGENIO PROVIDENCIA,KM 0,RURAL,POLICIA,3.52518,-76.33753,TRANSITAR POR LA CALZADA PEATON,404,PEATON,ATROPELLO,19,MASCULINO,MUERTO,NO APLICA,NO APLICA,NO APLICA,NO APLICA,NO APLICA,NO APLICA
MUERTO,01/22/2022 12:00:00 AM,"2,022",1899-12-31T08:30:00.000,MAÑANA,SABADO,VIA PALMASECA - EL CERRITO,KM 14 + 365 MTS,RURAL,POLICIA,3.62364,-76.39346,NO MANTENER DISTANCIA SEGURIDAD,121,MOTOCICLISTA,CHOQUE,62,MASCULINO,MUERTO,NO APLICA,MOTO,HONDA,NO APLICA,PARTICULAR,NO APLICA
MUERTO,01/23/2022 12:00:00 AM,"2,022",1899-12-31T04:30:00.000,MADRUGADA,DOMINGO,VIA PALMIRA - PRADERA,KM 76 + 500 MTS,RURAL,POLICIA,3.47329,-76.23987,PERDIDA DEL CONTROL DEL VEHICULO,157,CONDUCTOR,CHOQUE ARBOL,64,MASCULINO,MUERTO,NO APLICA,AUTOMOVIL,CHEVROLET,PALMIRA,PUBLICO,NO APLICA
HERIDOS,01/31/2022 12:00:00 AM,"2,022",1899-12-31T15:40:00.000,TARDE,VIERNES,VIA CALI - PALMIRA SUR,KM 2  + 500  MTS,RURAL,POLICIA,3.49562,-76.46398,OTRA,157,MOTOCICLISTA,CHOQUE,28,MASCULINO,LESIONADO,NO APLICA,NO APLICA,NO APLICA,NO APLICA,PARTICULAR,NO APLICA
HERIDOS,01/30/2022 12:00:00 AM,"2,022",1899-12-31T20:50:00.000,NOCHE,JUEVES,VIA CALI - PALMIRA SUR,KM 5 +  900 MTS,RURAL,POLICIA,3.50113,-76.44247,NO MANTENER DISTANCIA SEGURIDAD,121,MOTOCICLISTA,CHOQUE,35,MASCULINO,LESIONADO,NO APLICA,NO APLICA,NO APLICA,NO APLICA,PARTICULAR,NO APLICA
HERIDOS,01/30/2022 12:00:00 AM,"2,022",1899-12-31T15:30:00.000,TARDE,VIERNES,VIA CALI - PALMIRA SUR,KM 12  + 230 MTS,RURAL,POLICIA,3.5152,-76.37996,OTRA,157,MOTOCICLISTA,CHOQUE,41,MASCULINO,LESIONADO,NO APLICA,NO APLICA,NO APLICA,NO APLICA,PARTICULAR,NO APLICA
HERIDOS,01/30/2022 12:00:00 AM,"2,022",1899-12-31T15:30:00.000,TARDE,SABADO,VIA CALI - PALMIRA SUR,KM 12  + 230 MTS,RURAL,POLICIA,3.52302,-76.34435,OTRA,157,ACOMPAÑANTE MOTOCICLISTA,CHOQUE,35,MASCULINO,LESIONADO,NO APLICA,NO APLICA,NO APLICA,NO APLICA,NO APLICA,NO APLICA
HERIDOS,01/30/2022 12:00:00 AM,"2,022",1899-12-31T07:40:00.000,MAÑANA,DOMINGO,VIA CALI - PALMIRA NORTE,KM 16+ 230 MTS,RURAL,POLICIA,3.52303,-76.34418,OTRA,157,MOTOCICLISTA,CHOQUE,26,MASCULINO,LESIONADO,NO APLICA,NO APLICA,NO APLICA,NO APLICA,PARTICULAR,NO APLICA
HERIDOS,01/26/2022 12:00:00 AM,"2,022",1899-12-31T02:25:00.000,MADRUGADA,MIERCOLES,VIA  CANDELARIA - PALMIRA,KM 42+  250 MTS,RURAL,POLICIA,3.46648,-76.33167,GIRAR BRUSCAMENTE,122,MOTOCICLISTA,CHOQUE,28,MASCULINO,LESIONADO,NO APLICA,NO APLICA,NO APLICA,NO APLICA,PARTICULAR,NO APLICA
HERIDOS,01/26/2022 12:00:00 AM,"2,022",1899-12-31T01:00:00.000,MADRUGADA,MIERCOLES,VIA  CANDELARIA - PALMIRA,KM 42+  250 MTS,RURAL,POLICIA,3.46648,-76.33167,GIRAR BRUSCAMENTE,122,ACOMPAÑANTE MOTOCICLISTA,CHOQUE,44,FEMENINA,LESIONADO,NO APLICA,NO APLICA,NO APLICA,NO APLICA,NO APLICA,NO APLICA
HERIDOS,01/24/2022 12:00:00 AM,"2,022",1899-12-31T19:30:00.000,NOCHE,LUNES,VIA PALMASECA - ROZO - CERRITO,KM 14 +  180 MTS,RURAL,POLICIA,3.62222,-76.39358,OBSTÁCULOS EN LA VÍA,157,MOTOCICLISTA,CHOQUE,71,MASCULINO,LESIONADO,NO APLICA,NO APLICA,NO APLICA,NO APLICA,PARTICULAR,NO APLICA
HERIDOS,01/24/2022 12:00:00 AM,"2,022",1899-12-31T01:00:00.000,MADRUGADA,VIERNES,VIA PALMIRA - AMAIME,KM 30+  959 MTS,RURAL,POLICIA,3.60741,-76.27074,EMBRIAGUEZ O SUSTANCIAS ALUCINOGENAS,115,PEATON,CHOQUE,65,MASCULINO,LESIONADO,NO APLICA,NO APLICA,NO APLICA,NO APLICA,NO APLICA,NO APLICA
HERIDOS,01/22/2022 12:00:00 AM,"2,022",1899-12-31T12:50:00.000,TARDE,MIERCOLES,VIA CALI - PALMIRA NORTE,KM 12 +  50 MTS,RURAL,POLICIA,3.51507,-76.38073,GIRAR BRUSCAMENTE,122,MOTOCICLISTA,CHOQUE,44,MASCULINO,LESIONADO,NO APLICA,NO APLICA,NO APLICA,NO APLICA,PARTICULAR,NO APLICA
HERIDOS,01/22/2022 12:00:00 AM,"2,022",1899-12-31T15:00:00.000,TARDE,MIERCOLES,VIA CALI - PALMIRA NORTE,KM 12 +  50 MTS,RURAL,POLICIA,3.51507,-76.38073,GIRAR BRUSCAMENTE,122,ACOMPAÑANTE MOTOCICLISTA,CHOQUE,19,FEMENINA,LESIONADO,NO APLICA,NO APLICA,NO APLICA,NO APLICA,NO APLICA,NO APLICA
HERIDOS,01/20/2022 12:00:00 AM,"2,022",1899-12-31T15:40:00.000,TARDE,LUNES,VIA CALI - PALMIRA SUR,KM 5  + 650 MTS,RURAL,POLICIA,3.502,-76.43817,TRANSITAR POR SU DERECHA EN VÍAS RURALES,157,MOTOCICLISTA,CHOQUE,22,MASCULINO,LESIONADO,NO APLICA,NO APLICA,NO APLICA,NO APLICA,PARTICULAR,NO APLICA
HERIDOS,01/20/2022 12:00:00 AM,"2,022",1899-12-31T08:00:00.000,MAÑANA,MARTES,VIA YUMBO - LA TINAJA,KM 6,RURAL,POLICIA,3.55876,-76.43901,EMBRIAGUEZ APARENTE,115,CONDUCTOR,CHOQUE,28,MASCULINO,LESIONADO,NO APLICA,NO APLICA,NO APLICA,NO APLICA,PARTICULAR,NO APLICA
HERIDOS,01/19/2022 12:00:00 AM,"2,022",1899-12-31T18:00:00.000,NOCHE,MIERCOLES,VIA SUCROMIELES - CERRITO,KM 8 + 900  MTS,RURAL,POLICIA,3.59855,-76.31498,OTRA,157,CONDUCTOR,CHOQUE,33,FEMENINA,LESIONADO,NO APLICA,NO APLICA,NO APLICA,NO APLICA,PARTICULAR,NO APLICA
HERIDOS,01/20/2022 12:00:00 AM,"2,022",20:00:00 p. m.,NOCHE,JUEVES,VIA SUCROMIELES - CERRITO,KM 8 + 900  MTS,RURAL,POLICIA,3.59855,-76.31498,OTRA,157,ACOMPAÑANTE CONDUCTOR,CHOQUE,36,FEMENINA,LESIONADO,NO APLICA,NO APLICA,NO APLICA,NO APLICA,NO APLICA,NO APLICA
HERIDOS,01/19/2022 12:00:00 AM,"2,022",1899-12-31T05:20:00.000,MADRUGADA,DOMINGO,VIA CENCAR - AEREOPUERTO,KM 1 + 320 MTS,RURAL,POLICIA,3.55349,-76.47858,EMBRIAGUEZ APARENTE,115,CONDUCTOR,CHOQUE,35,MASCULINO,LESIONADO,NO APLICA,NO APLICA,NO APLICA,NO APLICA,PARTICULAR,NO APLICA
HERIDOS,01/20/2022 12:00:00 AM,"2,022",1899-12-31T02:00:00.000,MADRUGADA,LUNES,VIA CENCAR - AEREOPUERTO,KM 1 + 320 MTS,RURAL,POLICIA,3.55349,-76.47858,EMBRIAGUEZ APARENTE,115,PEATON,CHOQUE,39,MASCULINO,LESIONADO,NO APLICA,NO APLICA,NO APLICA,NO APLICA,NO APLICA,NO APLICA
HERIDOS,01/18/2022 12:00:00 AM,"2,022",1899-12-31T20:30:00.000,NOCHE,SABADO,VIA  CANDELARIA - PALMIRA,KM 43,RURAL,POLICIA,3.47615,-76.33023,GIRAR BRUSCAMENTE,122,MOTOCICLISTA,CHOQUE,40,MASCULINO,LESIONADO,NO APLICA,NO APLICA,NO APLICA,NO APLICA,PARTICULAR,NO APLICA
HERIDOS,01/18/2022 12:00:00 AM,"2,022",1899-12-31T11:10:00.000,MAÑANA,SABADO,VIA CALI - PALMIRA SUR,KM 9+  350 MTS,RURAL,POLICIA,3.50941,-76.40422,NO MANTENER DISTANCIA SEGURIDAD,121,ACOMPAÑANTE CONDUCTOR,CHOQUE,51,FEMENINA,LESIONADO,NO APLICA,NO APLICA,NO APLICA,NO APLICA,NO APLICA,NO APLICA
HERIDOS,01/16/2022 12:00:00 AM,"2,022",1899-12-31T17:00:00.000,TARDE,JUEVES,VIA  CANDELARIA - PALMIRA,KM 49,RURAL,POLICIA,3.52207,-76.33757,REVERSO IMPRUDENTE,134,MOTOCICLISTA,CHOQUE,53,MASCULINO,LESIONADO,NO APLICA,NO APLICA,NO APLICA,NO APLICA,PARTICULAR,NO APLICA
HERIDOS,01/14/2022 12:00:00 AM,"2,022",1899-12-31T14:30:00.000,TARDE,MARTES,VIA CALI - PALMIRA NORTE,KM 2 + 100 MTS,RURAL,POLICIA,3.49423,-76.46817,OTRA,157,CONDUCTOR,CHOQUE,21,MASCULINO,LESIONADO,NO APLICA,NO APLICA,NO APLICA,NO APLICA,PARTICULAR,NO APLICA
HERIDOS,01/14/2022 12:00:00 AM,"2,022",1899-12-31T17:32:00.000,TARDE,MIERCOLES,VIA CALI - PALMIRA NORTE,KM 2 + 100 MTS,RURAL,POLICIA,3.49423,-76.46817,OTRA,157,PASAJERO,CHOQUE,28,MASCULINO,LESIONADO,NO APLICA,NO APLICA,NO APLICA,NO APLICA,NO APLICA,NO APLICA
HERIDOS,01/13/2022 12:00:00 AM,"2,022",1899-12-31T12:30:00.000,TARDE,LUNES,VIA CALI - PALMIRA NORTE,KM 5 + 100 MTS,RURAL,POLICIA,3.50138,-76.44201,OTRA,157,MOTOCICLISTA,CHOQUE,36,MASCULINO,LESIONADO,NO APLICA,NO APLICA,NO APLICA,NO APLICA,PARTICULAR,NO APLICA
HERIDOS,01/12/2022 12:00:00 AM,"2,022",1899-12-31T04:30:00.000,MADRUGADA,DOMINGO,VIA CALI - PALMIRA NORTE,KM 14 + 400 MTS,RURAL,POLICIA,3.5204,-76.35871,OTRA,157,MOTOCICLISTA,CHOQUE,29,MASCULINO,LESIONADO,NO APLICA,NO APLICA,NO APLICA,NO APLICA,PARTICULAR,NO APLICA
HERIDOS,01/12/2022 12:00:00 AM,"2,022",1899-12-31T05:30:00.000,MADRUGADA,LUNES,VIA CALI - PALMIRA NORTE,KM 14 + 400 MTS,RURAL,POLICIA,3.5204,-76.35871,OTRA,157,PEATON,CHOQUE,55,FEMENINA,LESIONADO,NO APLICA,NO APLICA,NO APLICA,NO APLICA,NO APLICA,NO APLICA
HERIDOS,01/11/2022 12:00:00 AM,"2,022",1899-12-31T06:40:00.000,MAÑANA,SABADO,VIA CALI - PALMIRA SUR,KM 11+  750 MTS,RURAL,POLICIA,3.51402,-76.38369,TRANSITAR POR LA CALZADA,404,CICLISTA,CHOQUE,49,MASCULINO,LESIONADO,NO APLICA,NO APLICA,NO APLICA,NO APLICA,PARTICULAR,NO APLICA
HERIDOS,01/11/2022 12:00:00 AM,"2,022",1899-12-31T19:40:00.000,NOCHE,SABADO,VIA CALI - PALMIRA SUR,KM 8+  100 MTS,RURAL,POLICIA,3.50701,-76.41536,IMPERICIA EN EL MANEJO,139,MOTOCICLISTA,CHOQUE,62,MASCULINO,LESIONADO,NO APLICA,NO APLICA,NO APLICA,NO APLICA,PARTICULAR,NO APLICA