CLASE ACCIDENTE,FECHA,AÑO,HORA,JORNADA,DIA_SEMANA,BARRIOS-CORREGIMIENTO- VIA,DIRECCION,ZONA,AUTORIDAD,LAT,LONG,HIPOTESIS,CODIGO,CONDICION DE LA VICTIMA,GRAVEDAD,EDAD,GENERO,LESIONADOS Y MUERTOS,CLINICA,CLASE VEHICULO,MARCA,MATRICULA,TIPO DE SERVICIO,EMPRESA
HERIDOS,01/11/2022 12:00:00 AM,"2,022",1899-12-31T19:50:00.000,NOCHE,SABADO,VIA CALI - PALMIRA SUR,KM 8+  400 MTS,RURAL,POLICIA,3.5074,-76.41388,IMPERICIA EN EL MANEJO,139,ACOMPAÑANTE MOTOCICLISTA,CHOQUE,37,FEMENINA,LESIONADO,NO APLICA,NO APLICA,NO APLICA,NO APLICA,NO APLICA,NO APLICA
HERIDOS,01/11/2022 12:00:00 AM,"2,022",1899-12-31T20:00:00.000,NOCHE,SABADO,VIA CALI - PALMIRA SUR,KM 8+  600 MTS,RURAL,POLICIA,3.5078,-76.41124,IMPERICIA EN EL MANEJO,139,ACOMPAÑANTE CONDUCTOR,CHOQUE,25,FEMENINA,LESIONADO,NO APLICA,NO APLICA,NO APLICA,NO APLICA,NO APLICA,NO APLICA
HERIDOS,01/08/2022 12:00:00 AM,"2,022",1899-12-31T16:10:00.000,TARDE,MIERCOLES,VIA CANDELARIA - PALMIRA,KM 43+  150 MTS,RURAL,POLICIA,3.47615,-76.33023,NO MANTENER DISTANCIA SEGURIDAD,121,MOTOCICLISTA,CHOQUE,44,MASCULINO,LESIONADO,NO APLICA,NO APLICA,NO APLICA,NO APLICA,PARTICULAR,NO APLICA
HERIDOS,01/08/2022 12:00:00 AM,"2,022",1899-12-31T17:00:00.000,TARDE,MIERCOLES,VIA CANDELARIA - PALMIRA,KM 43+  150 MTS,RURAL,POLICIA,3.47615,-76.33023,NO MANTENER DISTANCIA SEGURIDAD,121,ACOMPAÑANTE MOTOCICLISTA,CHOQUE,47,MASCULINO,LESIONADO,NO APLICA,NO APLICA,NO APLICA,NO APLICA,NO APLICA,NO APLICA
HERIDOS,01/06/2022 12:00:00 AM,"2,022",1899-12-31T17:00:00.000,TARDE,LUNES,VIA CALI - PALMIRA NORTE,KM 10 +  280  MTS,RURAL,POLICIA,3.51181,-76.39693,NO MANTENER DISTANCIA SEGURIDAD,121,MOTOCICLISTA,CHOQUE,61,MASCULINO,LESIONADO,NO APLICA,NO APLICA,NO APLICA,NO APLICA,PARTICULAR,NO APLICA
HERIDOS,01/03/2022 12:00:00 AM,"2,022",1899-12-31T02:00:00.000,MADRUGADA,JUEVES,VIA PALMIRA - AMAIME,KM 29 + 700  MTS,RURAL,POLICIA,3.59551,-76.27142,DEJAR O MOVILIZAR SEMOVIENTES EN LA VÍA,157,MOTOCICLISTA,CHOQUE,59,MASCULINO,LESIONADO,NO APLICA,NO APLICA,NO APLICA,NO APLICA,PARTICULAR,NO APLICA
HERIDOS,01/02/2022 12:00:00 AM,"2,022",1899-12-31T02:00:00.000,MADRUGADA,VIERNES,VIA PALMIRA - AMAIME,KM 29 + 700  MTS,RURAL,POLICIA,3.59551,-76.27142,DEJAR O MOVILIZAR SEMOVIENTES EN LA VÍA,157,ACOMPAÑANTE MOTOCICLISTA,CHOQUE,21,MASCULINO,LESIONADO,NO APLICA,NO APLICA,NO APLICA,NO APLICA,NO APLICA,NO APLICA
DAÑOS,01/01/2022 12:00:00 AM,"2,022",1899-12-31T11:40:00.000,MAÑANA,SABADO,VIA PRODESAL - LA TINAJA,KM 9 + 200 MTS,RURAL,POLICIA,3.5458,-76.41464,OTRA,157,NO APLICA,CHOQUE,28,MASCULINO,NO APLICA,NO APLICA,NO APLICA,NO APLICA,NO APLICA,PARTICULAR,NO APLICA
DAÑOS,01/06/2022 12:00:00 AM,"2,022",1899-12-31T07:25:00.000,MAÑANA,JUEVES,VIA CENCAR - AEREOPUERTO,KM 9 + 100 MTS,RURAL,POLICIA,3.54511,-76.41464,NO MANTENER DISTANCIA SEGURIDAD,121,NO APLICA,CHOQUE,30,MASCULINO,NO APLICA,NO APLICA,NO APLICA,NO APLICA,NO APLICA,PARTICULAR,NO APLICA
DAÑOS,01/07/2022 12:00:00 AM,"2,022",1899-12-31T11:00:00.000,MAÑANA,VIERNES,VIA CALI - PALMIRA NORTE,KM 9+ 300 MTS,RURAL,POLICIA,3.50973,-76.404,PONER EN MARCHA VEHICULO SIN PRECAUCION,143,NO APLICA,CHOQUE,29,MASCULINO,NO APLICA,NO APLICA,NO APLICA,NO APLICA,NO APLICA,PARTICULAR,NO APLICA
DAÑOS,01/14/2022 12:00:00 AM,"2,022",1899-12-31T23:00:00.000,NOCHE,VIERNES,VIA CALI - PALMIRA NORTE,KM 16 + 700 MTS,RURAL,POLICIA,3.52378,-76.34186,OTRA,157,NO APLICA,CHOQUE,32,MASCULINO,NO APLICA,NO APLICA,NO APLICA,NO APLICA,NO APLICA,PARTICULAR,NO APLICA
DAÑOS,01/30/2022 12:00:00 AM,"2,022",1899-12-31T17:20:00.000,TARDE,SABADO,VIA PALMASECA - EL CERRITO,KM 14 + 560 MTS,RURAL,POLICIA,3.62505,-76.39333,GIRAR BRUSCAMENTE,122,NO APLICA,CHOQUE,65,MASCULINO,NO APLICA,NO APLICA,NO APLICA,NO APLICA,NO APLICA,PARTICULAR,NO APLICA
MUERTO,02/05/2022 12:00:00 AM,"2,022",1899-12-31T05:30:00.000,MADRUGADA,SABADO,VIA PALMASECA - EL CERRITO,KM 12 + 1609 MTS,RURAL,POLICIA,3.61127,-76.40006,NO MANTENER DISTANCIA SEGURIDAD,121,MOTOCICLISTA,CHOQUE,54,MASCULINO,MUERTO,NO APLICA,MOTO,NO APLICA,NO APLICA,PARTICULAR,NO APLICA
MUERTO,02/06/2022 12:00:00 AM,"2,022",1899-12-31T14:05:00.000,TARDE,DOMINGO,VIA SUCROMIELES - CERRITO,KM 47 + 600 MTS,RURAL,POLICIA,3.5116,-76.33612,PERDIDA DEL CONTROL DEL VEHICULO,157,ACOMPAÑANTE CONDUCTOR,CHOQUE MURO,37,FEMENINA,MUERTO,NO APLICA,AUTOMOVIL,NO APLICA,NO APLICA,PARTICULAR,NO APLICA
MUERTO,02/06/2022 12:00:00 AM,"2,022",1899-12-31T14:05:00.000,TARDE,DOMINGO,VIA SUCROMIELES - CERRITO,KM 47 + 600 MTS,RURAL,POLICIA,3.5116,-76.33612,PERDIDA DEL CONTROL DEL VEHICULO,157,ACOMPAÑANTE CONDUCTOR,CHOQUE MURO,8,FEMENINA,LESIONADO,NO APLICA,AUTOMOVIL,NO APLICA,NO APLICA,PARTICULAR,NO APLICA
MUERTO,02/10/2022 12:00:00 AM,"2,022",1899-12-31T07:50:00.000,MAÑANA,JUEVES,VIA PALMASECA - EL CERRITO,KM 7 + 60 MTS,RURAL,POLICIA,3.56643,-76.41105,NO RESPETAR PRELACION,139,MOTOCICLISTA,CHOQUE,51,MASCULINO,MUERTO,NO APLICA,MOTO,BAJAJ,NO APLICA,PARTICULAR,NO APLICA
MUERTO,02/13/2022 12:00:00 AM,"2,022",1899-12-31T03:50:00.000,MADRUGADA,DOMINGO,VIA CALI - PALMIRA SUR,KM 19 + 50 MTS,RURAL,POLICIA,3.53296,-76.32238,PERDIDA DEL CONTROL DEL VEHICULO,157,MOTOCICLISTA,CHOQUE ARBOL,30,MASCULINO,MUERTO,NO APLICA,MOTO,NO APLICA,NO APLICA,PARTICULAR,NO APLICA
MUERTO,02/17/2022 12:00:00 AM,"2,022",1899-12-31T16:30:00.000,TARDE,JUEVES,VIA CALI - PALMIRA NORTE,KM 16 + 160 MTS,RURAL,POLICIA,3.52303,-76.34556,NO CONSERVAR DIASTANCIA DE SEGURIDAD,121,MOTOCICLISTA,CHOQUE,20,MASCULINO,MUERTO,NO APLICA,MOTO,HONDA,NO APLICA,PARTICULAR,NO APLICA
HERIDOS,02/28/2022 12:00:00 AM,"2,022",1899-12-31T07:00:00.000,MAÑANA,LUNES,VIA  CANDELARIA - PALMIRA,KM 42 + 450 MTS,RURAL,POLICIA,3.46991,-76.33087,ADELANTAR INVADIENDO CARRIL,104,MOTOCICLISTA,CHOQUE,29,MASCULINO,LESIONADO,NO APLICA,MOTO,NO APLICA,NO APLICA,PARTICULAR,NO APLICA
HERIDOS,02/24/2022 12:00:00 AM,"2,022",1899-12-31T08:00:00.000,MAÑANA,JUEVES,VIA CALI - PALMIRA,KM 0+ 500 MTS,RURAL,POLICIA,3.49338,-76.47944,GIRAR BRUSCAMENTE,122,MOTOCICLISTA,CHOQUE,36,MASCULINO,LESIONADO,NO APLICA,MOTO,NO APLICA,NO APLICA,PARTICULAR,NO APLICA
HERIDOS,02/24/2022 12:00:00 AM,"2,022",1899-12-31T08:00:00.000,MAÑANA,JUEVES,VIA CALI - PALMIRA,KM 0+ 500 MTS,RURAL,POLICIA,3.49338,-76.47944,GIRAR BRUSCAMENTE,122,ACOMPAÑANTE MOTOCICLISTA,CHOQUE,45,MASCULINO,LESIONADO,NO APLICA,MOTO,NO APLICA,NO APLICA,PARTICULAR,NO APLICA
HERIDOS,02/20/2022 12:00:00 AM,"2,022",1899-12-31T08:20:00.000,MAÑANA,DOMINGO,VIA CALI - PALMIRA,KM 10 +  110 MTS,RURAL,POLICIA,3.51167,-76.39769,NO MANTENER DISTANCIA DE SEGURIDAD,121,MOTOCICLISTA,CHOQUE,52,MASCULINO,LESIONADO,NO APLICA,MOTO,NO APLICA,NO APLICA,PARTICULAR,NO APLICA
HERIDOS,02/18/2022 12:00:00 AM,"2,022",1899-12-31T01:50:00.000,MADRUGADA,VIERNES,VIA CALI - PALMIRA,KM 11,RURAL,POLICIA,3.51279,-76.38981,NO MANTENER DISTANCIA DE SEGURIDAD,121,CONDUCTOR,CHOQUE,66,FEMENINA,LESIONADO,NO APLICA,AUTOMOVIL,NO APLICA,NO APLICA,PARTICULAR,NO APLICA
HERIDOS,02/18/2022 12:00:00 AM,"2,022",1899-12-31T01:50:00.000,MADRUGADA,VIERNES,VIA CALI - PALMIRA,KM 11,RURAL,POLICIA,3.51279,-76.38981,NO MANTENER DISTANCIA DE SEGURIDAD,121,ACOMPAÑANTE CONDUCTOR,CHOQUE,26,MASCULINO,LESIONADO,NO APLICA,MOTO,NO APLICA,NO APLICA,PARTICULAR,NO APLICA
HERIDOS,02/16/2022 12:00:00 AM,"2,022",1899-12-31T15:00:00.000,TARDE,MIERCOLES,VIA SUCROMIELES - EL CERRITO,KM 8,RURAL,POLICIA,3.59185,-76.318,NO MANTENER DISTANCIA DE SEGURIDAD,121,MOTOCICLISTA,CHOQUE,31,MASCULINO,LESIONADO,NO APLICA,MOTO,NO APLICA,NO APLICA,PARTICULAR,NO APLICA
HERIDOS,02/16/2022 12:00:00 AM,"2,022",1899-12-31T20:40:00.000,NOCHE,MIERCOLES,VIA CALI - PALMIRA,KM 16,RURAL,POLICIA,3.52311,-76.34534,NO MANTENER DISTANCIA DE SEGURIDAD,121,MOTOCICLISTA,CHOQUE,41,MASCULINO,LESIONADO,NO APLICA,MOTO,NO APLICA,NO APLICA,PARTICULAR,NO APLICA
HERIDOS,02/13/2022 12:00:00 AM,"2,022",1899-12-31T05:10:00.000,MADRUGADA,DOMINGO,VIA CALI - PALMIRA,KM 14,RURAL,POLICIA,3.5187,-76.36351,DEJAR OBSTÁCULOS EN LA VÍA,157,MOTOCICLISTA,CHOQUE,32,MASCULINO,LESIONADO,NO APLICA,MOTO,NO APLICA,NO APLICA,PARTICULAR,NO APLICA
HERIDOS,02/11/2022 12:00:00 AM,"2,022",1899-12-31T11:42:00.000,MAÑANA,VIERNES,VIA  CANDELARIA - PALMIRA,KM 43 +100 MTS,RURAL,POLICIA,3.47488,-76.33023,NO MANTENER DISTANCIA DE SEGURIDAD,121,MOTOCICLISTA,CHOQUE,48,FEMENINA,LESIONADO,NO APLICA,MOTO,NO APLICA,NO APLICA,PARTICULAR,NO APLICA
HERIDOS,02/10/2022 12:00:00 AM,"2,022",1899-12-31T06:30:00.000,MAÑANA,JUEVES,VIA PALMASECA - ROZO - CERRITO,KM 7 +  60 MTS,RURAL,POLICIA,3.56311,-76.41237,NO RESPETAR PRELACIÓN.,139,MOTOCICLISTA,CHOQUE,55,FEMENINA,LESIONADO,NO APLICA,MOTO,NO APLICA,NO APLICA,PARTICULAR,NO APLICA
HERIDOS,02/06/2022 12:00:00 AM,"2,022",1899-12-31T06:00:00.000,MAÑANA,DOMINGO,VIA CALI - PALMIRA,KM 11,RURAL,POLICIA,3.51279,-76.38981,DEJAR OBSTÁCULOS EN LA VÍA,157,MOTOCICLISTA,CHOQUE MURO,26,MASCULINO,LESIONADO,NO APLICA,MOTO,NO APLICA,NO APLICA,PARTICULAR,NO APLICA
HERIDOS,02/06/2022 12:00:00 AM,"2,022",1899-12-31T14:05:00.000,TARDE,DOMINGO,VIA  CANDELARIA - PALMIRA,KM 47  + 600 MTS,RURAL,POLICIA,3.5121,-76.33645,OTRA,157,ACOMPAÑANTE CONDUCTOR,CHOQUE,34,FEMENINA,LESIONADO,NO APLICA,AUTOMOVIL,NO APLICA,NO APLICA,PARTICULAR,NO APLICA
HERIDOS,02/06/2022 12:00:00 AM,"2,022",1899-12-31T14:05:00.000,TARDE,DOMINGO,VIA  CANDELARIA - PALMIRA,KM 47 +  600 MTS,RURAL,POLICIA,3.5121,-76.33645,OTRA,157,ACOMPAÑANTE CONDUCTOR,CHOQUE,37,MASCULINO,LESIONADO,NO APLICA,AUTOMOVIL,NO APLICA,NO APLICA,PARTICULAR,NO APLICA
HERIDOS,02/04/2022 12:00:00 AM,"2,022",1899-12-31T18:00:00.000,NOCHE,VIERNES,VIA  CANDELARIA - PALMIRA,KM 43,RURAL,POLICIA,3.47462,-76.33025,GIRAR BRUSCAMENTE,122,MOTOCICLISTA,CHOQUE,41,MASCULINO,LESIONADO,NO APLICA,MOTO,NO APLICA,NO APLICA,PARTICULAR,NO APLICA
HERIDOS,02/03/2022 12:00:00 AM,"2,022",1899-12-31T17:00:00.000,TARDE,JUEVES,VIA CALI - PALMIRA,KM 16 +  600 MTS,RURAL,POLICIA,3.52406,-76.33957,NO MANTENER DISTANCIA DE SEGURIDAD,121,CICLISTA,CHOQUE,20,FEMENINA,LESIONADO,NO APLICA,BICICLETA,NO APLICA,NO APLICA,PARTICULAR,NO APLICA
HERIDOS,02/03/2022 12:00:00 AM,"2,022",1899-12-31T17:00:00.000,TARDE,JUEVES,VIA CALI - PALMIRA,KM 16 +  600 MTS,RURAL,POLICIA,3.52406,-76.33957,NO MANTENER DISTANCIA DE SEGURIDAD,121,MOTOCICLISTA,CHOQUE,22,MASCULINO,LESIONADO,NO APLICA,MOTO,NO APLICA,NO APLICA,PARTICULAR,NO APLICA
HERIDOS,02/03/2022 12:00:00 AM,"2,022",1899-12-31T10:30:00.000,MAÑANA,JUEVES,VIA CALI - PALMIRA,KM 12 + 500  MTS,RURAL,POLICIA,3.51627,-76.37579,OTRA,157,CONDUCTOR,CHOQUE,31,MASCULINO,LESIONADO,NO APLICA,AUTOMOVIL,NO APLICA,NO APLICA,PARTICULAR,NO APLICA
HERIDOS,02/03/2022 12:00:00 AM,"2,022",1899-12-31T17:00:00.000,TARDE,JUEVES,VIA CALI - PALMIRA,KM 16+  600 MTS,RURAL,POLICIA,3.52406,-76.33957,NO MANTENER DISTANCIA DE SEGURIDAD,121,ACOMPAÑANTE MOTOCICLISTA,CHOQUE,33,FEMENINA,LESIONADO,NO APLICA,MOTO,NO APLICA,NO APLICA,PARTICULAR,NO APLICA
HERIDOS,02/03/2022 12:00:00 AM,"2,022",1899-12-31T10:30:00.000,MAÑANA,JUEVES,VIA CALI - PALMIRA,KM 12 +  500 MTS,RURAL,POLICIA,3.51627,-76.37579,OTRA,157,ACOMPAÑANTE CONDUCTOR,CHOQUE,65,MASCULINO,LESIONADO,NO APLICA,AUTOMOVIL,NO APLICA,NO APLICA,PARTICULAR,NO APLICA
DAÑOS,02/06/2022 12:00:00 AM,"2,022",1899-12-31T06:00:00.000,MAÑANA,DOMINGO,VIA CANDELARIA  - PALMIRA,KM 43+ 600 MTS,RURAL,POLICIA,3.47583,-76.3303,NO MANTENER DISTANCIA DE SEGURIDAD,121,NO APLICA,CHOQUE,44,MASCULINO,NO APLICA,NO APLICA,NO APLICA,NO APLICA,NO APLICA,PARTICULAR,NO APLICA
DAÑOS,02/08/2022 12:00:00 AM,"2,022",1899-12-31T15:30:00.000,TARDE,MARTES,VIA LA TINAJA - PRODESAL,KM 9+ 400 MTS,RURAL,POLICIA,3.55012,-76.41859,"FALTA DE PRECAUCION POR NIEBLA, LLUVIA O HUMO",138,NO APLICA,CHOQUE,32,MASCULINO,NO APLICA,NO APLICA,NO APLICA,NO APLICA,NO APLICA,PARTICULAR,NO APLICA
DAÑOS,02/11/2022 12:00:00 AM,"2,022",1899-12-31T10:20:00.000,MAÑANA,JUEVES,VIA CALI - PALMIRA,KM 17+ 800 MTS,RURAL,POLICIA,3.52637,-76.32995,OTRA,157,NO APLICA,CHOQUE,26,MASCULINO,NO APLICA,NO APLICA,NO APLICA,NO APLICA,NO APLICA,PARTICULAR,NO APLICA
DAÑOS,02/14/2022 12:00:00 AM,"2,022",1899-12-31T03:30:00.000,MADRUGADA,SABADO,VIA CENCAR - AEROPUERTO,KM 13+ 100 MTS,RURAL,POLICIA,3.52986,-76.39065,OTRA,157,NO APLICA,CHOQUE,28,MASCULINO,NO APLICA,NO APLICA,NO APLICA,NO APLICA,NO APLICA,PUBLICO,NO APLICA
DAÑOS,02/16/2022 12:00:00 AM,"2,022",1899-12-31T14:40:00.000,TARDE,MIERCOLES,VIA CANDELARIA  - PALMIRA,KM 42+ 300 MTS,RURAL,POLICIA,3.46694,-76.33174,NO MANTENER DISTANCIA DE SEGURIDAD,121,NO APLICA,CHOQUE,35,MASCULINO,NO APLICA,NO APLICA,NO APLICA,NO APLICA,NO APLICA,PUBLICO,NO APLICA
DAÑOS,02/20/2022 12:00:00 AM,"2,022",1899-12-31T08:05:00.000,MAÑANA,DOMINGO,VIA CENCAR - AEROPUERTO,KM 10+ 350 MTS,RURAL,POLICIA,3.54318,-76.41254,OTRA,157,NO APLICA,CHOQUE,28,MASCULINO,NO APLICA,NO APLICA,NO APLICA,NO APLICA,NO APLICA,PARTICULAR,NO APLICA
MUERTO,03/04/2022 12:00:00 AM,"2,022",1899-12-31T07:10:00.000,MAÑANA,VIERNES,VIA CENCAR - AEROPUERTO,KM 6 + 285 MTS,RURAL,POLICIA,3.55835,-76.4329,NO MANTENER DISTANCIA DE SEGURIDAD,121,MOTOCICLISTA,CHOQUE,28,MASCULINO,MUERTO,NO APLICA,MOTO,NO APLICA,NO APLICA,PARTICULAR,NO APLICA
MUERTO,03/04/2022 12:00:00 AM,"2,022",1899-12-31T07:10:00.000,MAÑANA,VIERNES,VIA CENCAR - AEROPUERTO,KM 6 + 285 MTS,RURAL,POLICIA,3.55835,-76.4329,NO MANTENER DISTANCIA DE SEGURIDAD,121,ACOMPAÑANTE MOTOCICLISTA,CHOQUE,24,MASCULINO,LESIONADO,NO APLICA,NO APLICA,NO APLICA,NO APLICA,NO APLICA,NO APLICA
MUERTO,03/04/2022 12:00:00 AM,"2,022",1899-12-31T16:44:00.000,TARDE,VIERNES,VIA PALMIRA - PRADERA,KM 82 + 500 MTS,RURAL,POLICIA,3.51298,-76.26921,FALLAS EN LA LLANTA,201,MOTOCICLISTA,CHOQUE,52,MASCULINO,MUERTO,NO APLICA,MOTO,HONDA,NO APLICA,PARTICULAR,NO APLICA
MUERTO,03/06/2022 12:00:00 AM,"2,022",1899-12-31T05:30:00.000,MADRUGADA,DOMINGO,VIA CALI - PALMIRA NORTE,KM 9 + 625 MTS,RURAL,POLICIA,3.5082,-76.41099,PERDIDA DEL CONTROL DEL VEHICULO,157,CONDUCTOR,CHOQUE ARBOL,29,MASCULINO,MUERTO,NO APLICA,AUTOMOVIL,KIA,NO APLICA,PARTICULAR,NO APLICA
MUERTO,03/06/2022 12:00:00 AM,"2,022",1899-12-31T05:30:00.000,MADRUGADA,DOMINGO,VIA CALI - PALMIRA NORTE,KM 9 + 625 MTS,RURAL,POLICIA,3.5082,-76.41099,PERDIDA DEL CONTROL DEL VEHICULO,157,ACOMPAÑANTE CONDUCTOR,CHOQUE ARBOL,23,MASCULINO,MUERTO,NO APLICA,AUTOMOVIL,KIA,NO APLICA,PARTICULAR,NO APLICA
MUERTO,03/20/2022 12:00:00 AM,"2,022",1899-12-31T05:45:00.000,MADRUGADA,DOMINGO,VIA CALI - PALMIRA SUR,KM 7 + 625 MTS,RURAL,POLICIA,3.50622,-76.41856,FALTA E PRECUACION POR LLUVIA,138,MOTOCICLISTA,CHOQUE,25,MASCULINO,MUERTO,NO APLICA,MOTO,SUZUKI,NO APLICA,PARTICULAR,NO APLICA
MUERTO,03/25/2022 12:00:00 AM,"2,022",1899-12-31T00:10:00.000,MADRUGADA,VIERNES,VIA CALI - PALMIRA NORTE,KM 06 + 100 MTS,RURAL,POLICIA,3.50352,-76.4333,OBJETO SOBRE LA VIA,308,MOTOCICLISTA,CHOQUE LLANTA,38,MASCULINO,MUERTO,NO APLICA,MOTO,HONDA,NO APLICA,PARTICULAR,NO APLICA
MUERTO,03/25/2022 12:00:00 AM,"2,022",1899-12-31T11:00:00.000,MAÑANA,VIERNES,VIA CALI - PALMIRA NORTE,KM 13 + 50 MTS,RURAL,POLICIA,3.51709,-76.37183,PERDIDA DEL CONTROL DEL VEHICULO,157,MOTOCICLISTA,CHOQUE MURO,30,MASCULINO,MUERTO,NO APLICA,MOTO,YAMAHA,NO APLICA,PARTICULAR,NO APLICA
MUERTO,03/26/2022 12:00:00 AM,"2,022",1899-12-31T22:15:00.000,NOCHE,SABADO,ZAMORANO,CARRERA 28 CALLE 65,URBANA,TECNICO,3.55225,-76.29357,POR ESTABLECER,157,CICLISTA,VOLCAMIENTO,53,MASCULINO,MUERTO,NO APLICA,BICICLETA,TURIMO,NO APLICA,PARTICULAR,NO APLICA
MUERTO,03/28/2022 12:00:00 AM,"2,022",1899-12-31T18:15:00.000,NOCHE,LUNES,VIA CENCAR - AEROPUERTO,KM 0 + 570 MTS,RURAL,POLICIA,3.54917,-76.48533,NO MANTENER DISTANCIA DE SEGURIDAD,121,MOTOCICLISTA,CHOQUE,52,MASCULINO,MUERTO,NO APLICA,MOTO,PULSAR 180,NO APLICA,PARTICULAR,NO APLICA
MUERTO,04/01/2022 12:00:00 AM,"2,022",1899-12-31T01:00:00.000,MADRUGADA,VIERNES,CALI - PALMIRA SUR,KM 2+ 700 MTS,RURAL,POLICIA,3.49634,-76.46227,TRANSITA CONTRA VIA,127,MOTOCICLISTA,CHOQUE,23,MASCULINO,MUERTO,NO APLICA,MOTO,AUTECO,NO APLICA,PARTICULAR,NO APLICA
MUERTO,04/01/2022 12:00:00 AM,"2,022",1899-12-31T01:00:00.000,MADRUGADA,VIERNES,CALI - PALMIRA SUR,KM 2+ 700 MTS,RURAL,POLICIA,3.49634,-76.46227,TRANSITA CONTRA VIA,127,ACOMPAÑANTE MOTOCICLISTA,CHOQUE,28,FEMENINA,MUERTO,NO APLICA,MOTO,AUTECO,NO APLICA,PARTICULAR,NO APLICA
MUERTO,04/03/2022 12:00:00 AM,"2,022",1899-12-31T21:40:00.000,NOCHE,DOMINGO,CALI - PALMIRA SUR,KM 18 + 150 MTS,RURAL,POLICIA,3.52699,-76.32713,PERDIDA DEL CONTROL DEL VEHICULO,157,ACOMPAÑANTE CONDUCTOR,CHOQUE,25,MASCULINO,MUERTO,NO APLICA,AUTOMOVIL,,NO APLICA,PARTICULAR,NO APLICA
MUERTO,04/03/2022 12:00:00 AM,"2,022",1899-12-31T21:40:00.000,NOCHE,DOMINGO,CALI - PALMIRA SUR,KM 18 + 150 MTS,RURAL,POLICIA,3.52699,-76.32713,PERDIDA DEL CONTROL DEL VEHICULO,157,MOTOCICLISTA,CHOQUE,23,MASCULINO,MUERTO,NO APLICA,MOTO,,NO APLICA,PARTICULAR,NO APLICA
MUERTO,04/03/2022 12:00:00 AM,"2,022",1899-12-31T21:40:00.000,NOCHE,DOMINGO,CALI - PALMIRA SUR,KM 18 + 150 MTS,RURAL,POLICIA,3.52699,-76.32713,PERDIDA DEL CONTROL DEL VEHICULO,157,CONDUCTOR,CHOQUE,,MASCULINO,LESIONADO,PALMA,NO APLICA,NO APLICA,NO APLICA,NO APLICA,NO APLICA
MUERTO,04/03/2022 12:00:00 AM,"2,022",1899-12-31T21:40:00.000,NOCHE,DOMINGO,CALI - PALMIRA SUR,KM 18 + 150 MTS,RURAL,POLICIA,3.52699,-76.32713,PERDIDA DEL CONTROL DEL VEHICULO,157,ACOMPAÑANTE CONDUCTOR,CHOQUE,,FEMENINA,LESIONADO,PALMIRA,NO APLICA,NO APLICA,NO APLICA,NO APLICA,NO APLICA
MUERTO,04/03/2022 12:00:00 AM,"2,022",1899-12-31T21:40:00.000,NOCHE,DOMINGO,CALI - PALMIRA SUR,KM 18 + 150 MTS,RURAL,POLICIA,3.52699,-76.32713,PERDIDA DEL CONTROL DEL VEHICULO,157,ACOMPAÑANTE CONDUCTOR,CHOQUE,,FEMENINA,LESIONADO,VALLE LILI,NO APLICA,NO APLICA,NO APLICA,NO APLICA,NO APLICA
MUERTO,04/03/2022 12:00:00 AM,"2,022",1899-12-31T21:40:00.000,NOCHE,DOMINGO,CALI - PALMIRA SUR,KM 18 + 150 MTS,RURAL,POLICIA,3.52699,-76.32713,PERDIDA DEL CONTROL DEL VEHICULO,157,ACOMPAÑANTE CONDUCTOR,CHOQUE,,FEMENINA,LESIONADO,SANTA BARBARA,NO APLICA,NO APLICA,NO APLICA,NO APLICA,NO APLICA
MUERTO,04/03/2022 12:00:00 AM,"2,022",1899-12-31T21:40:00.000,NOCHE,DOMINGO,CALI - PALMIRA SUR,KM 18 + 150 MTS,RURAL,POLICIA,3.52699,-76.32713,PERDIDA DEL CONTROL DEL VEHICULO,157,ACOMPAÑANTE CONDUCTOR,CHOQUE,,FEMENINA,LESIONADO,SANTA BARBARA,NO APLICA,NO APLICA,NO APLICA,NO APLICA,NO APLICA
MUERTO,04/10/2022 12:00:00 AM,"2,022",1899-12-31T05:00:00.000,MADRUGADA,DOMINGO,CALI - PALMIRA SUR,KM 6 + 350 MTS,RURAL,POLICIA,3.50384,-76.43034,"NO UTILIZAR DISPÒSITIVOS LUMINOSOS, NO HCER UNOS CICLORUTA",99,CICLISTA,CHOQUE,25,MASCULINO,MUERTO,NO APLICA,BICICLETA,NO APLICA,NO APLICA,PARTICULAR,NO APLICA