CLASE ACCIDENTE,FECHA,AÑO,HORA,JORNADA,DIA_SEMANA,BARRIOS-CORREGIMIENTO- VIA,DIRECCION,ZONA,AUTORIDAD,LAT,LONG,HIPOTESIS,CODIGO,CONDICION DE LA VICTIMA,GRAVEDAD,EDAD,GENERO,LESIONADOS Y MUERTOS,CLINICA,CLASE VEHICULO,MARCA,MATRICULA,TIPO DE SERVICIO,EMPRESA
MUERTO,04/10/2022 12:00:00 AM,"2,022",1899-12-31T05:00:00.000,MADRUGADA,DOMINGO,CALI - PALMIRA SUR,KM 6 + 350 MTS,RURAL,POLICIA,3.50384,-76.43034,"NO UTILIZAR DISPÒSITIVOS LUMINOSOS, NO HCER UNOS CICLORUTA",99,NO APLICA,CHOQUE,,MASCULINO,NO APLICA,NO APLICA,CAMIONETA,NO APLICA,NO APLICA,PARTICULAR,NO APLICA
MUERTO,04/24/2022 12:00:00 AM,"2,022",1899-12-31T19:30:00.000,NOCHE,DOMINGO,VIA PALMIRA - PRADERA,KM 79,RURAL,POLICIA,3.50293,-76.23968,NO ESTAR PENDIENTE DE LA VIA,157,MOTOCICLISTA,CHOQUE,40,MASCULINO,MUERTO,NO APLICA,MOTO,YAMAHA,NO APLICA,PARTICULAR,NO APLICA
MUERTO,04/24/2022 12:00:00 AM,"2,022",1899-12-31T19:30:00.000,NOCHE,DOMINGO,VIA PALMIRA - PRADERA,KM 79,RURAL,POLICIA,3.50293,-76.23968,NO ESTAR PENDIENTE DE LA VIA,157,NO APLICA,CHOQUE,50,MASCULINO,NO APLICA,NO APLICA,TRACTO CAMION,KENWORTH,NO APLICA,PARTICULAR,NO APLICA
MUERTO,04/29/2022 12:00:00 AM,"2,022",1899-12-31T02:30:00.000,MADRUGADA,VIERNES,VIA CALI - PALMIRA SUR,KM 8 + 750 MTS,RURAL,POLICIA,3.50822,-76.40944,TRANSITA CONTRA VIA,127,MOTOCICLISTA,CHOQUE,33,MASCULINO,MUERTO,NO APLICA,MOTO,HONDA,NO APLICA,PARTICULAR,NO APLICA
MUERTO,04/29/2022 12:00:00 AM,"2,022",1899-12-31T02:30:00.000,MADRUGADA,VIERNES,VIA CALI - PALMIRA SUR,KM 8 + 750 MTS,RURAL,POLICIA,3.50822,-76.40944,TRANSITA CONTRA VIA,127,NO APLICA,CHOQUE,26,FEMENINA,NO APLICA,NO APLICA,CAMIONETA,NISSAN,NO APLICA,PARTICULAR,NO APLICA
HERIDOS,03/30/2022 12:00:00 AM,"2,022",1899-12-31T15:00:00.000,TARDE,DOMINGO,VIA PALMASECA - ROZO - EL CERRITO,KM 4 + 335 MTS,RURAL,POLICIA,3.54267,-76.42085,NO HACER USO DE SEÑALES REFLECTIVAS O LUMINOSASS.,99,CONDUCTOR,CHOQUE,28,MASCULINO,LESIONADO,NO APLICA,AUTOMOVIL,NO APLICA,NO APLICA,NO APLICA,NO APLICA
HERIDOS,03/28/2022 12:00:00 AM,"2,022",1899-12-31T17:20:00.000,TARDE,MARTES,VIA CENCAR - AEREOPUERTO,KM 0 +  550 MTS,RURAL,POLICIA,3.54927,-76.4851,NO MANTENER DISTANCIA DE SEGURIDAD,121,MOTOCICLISTA,CHOQUE,33,MASCULINO,LESIONADO,NO APLICA,MOTO,NO APLICA,NO APLICA,NO APLICA,NO APLICA
HERIDOS,03/26/2022 12:00:00 AM,"2,022",1899-12-31T07:40:00.000,MAÑANA,SABADO,VIA CALI - PALMIRA,KM 9 + 780 MTS,RURAL,POLICIA,3.51047,-76.40197,NO MANTENER DISTANCIA DE SEGURIDAD,121,ACOMPAÑANTE MOTOCICLISTA,CHOQUE,42,FEMENINA,LESIONADO,NO APLICA,NO APLICA,NO APLICA,NO APLICA,PARTICULAR,NO APLICA
HERIDOS,03/25/2022 12:00:00 AM,"2,022",1899-12-31T13:00:00.000,TARDE,VIERNES,VIA CALI - PALMIRA,KM 13 + 50 MTS,RURAL,POLICIA,3.51668,-76.37201,OTRA,157,ACOMPAÑANTE MOTOCICLISTA,CHOQUE,56,FEMENINA,LESIONADO,NO APLICA,NO APLICA,NO APLICA,NO APLICA,PARTICULAR,NO APLICA
HERIDOS,03/25/2022 12:00:00 AM,"2,022",1899-12-31T13:00:00.000,TARDE,VIERNES,VIA CALI - PALMIRA,KM 13 + 50 MTS,RURAL,POLICIA,3.51668,-76.37201,OTRA,157,ACOMPAÑANTE MOTOCICLISTA,CHOQUE,38,MASCULINO,LESIONADO,NO APLICA,NO APLICA,NO APLICA,NO APLICA,PARTICULAR,NO APLICA
HERIDOS,03/22/2022 12:00:00 AM,"2,022",1899-12-31T08:00:00.000,MAÑANA,MARTES,VIA CENCAR - AEREOPUERTO,KM 13 + 150 MTS,RURAL,POLICIA,3.5295,-76.39075,CRUZAR SIN OBSERVAR,409,PEATON,ATROPELLO,45,FEMENINA,LESIONADO,NO APLICA,NO APLICA,NO APLICA,NO APLICA,PARTICULAR,NO APLICA
HERIDOS,03/21/2022 12:00:00 AM,"2,022",1899-12-31T17:10:00.000,TARDE,LUNES,VIA CALI - PALMIRA,KM 18+  200 MTS,RURAL,POLICIA,3.52654,-76.32828,OTRA,157,CONDUCTOR,CHOQUE,22,MASCULINO,LESIONADO,NO APLICA,NO APLICA,NO APLICA,NO APLICA,PARTICULAR,NO APLICA
HERIDOS,03/21/2022 12:00:00 AM,"2,022",1899-12-31T12:30:00.000,TARDE,LUNES,VIA SUCROMIELES - EL CERRITO,KM 0 + 200 MTS,RURAL,POLICIA,3.52813,-76.33755,VEHÍCULO MAL ESTACIONADO,157,ACOMPAÑANTE CONDUCTOR,CHOQUE,19,MASCULINO,LESIONADO,NO APLICA,NO APLICA,NO APLICA,NO APLICA,PARTICULAR,NO APLICA
HERIDOS,03/20/2022 12:00:00 AM,"2,022",1899-12-31T05:20:00.000,MADRUGADA,DOMINGO,VIA CALI - PALMIRA,KM 4 + 700 MTS,RURAL,POLICIA,3.5003,-76.44582,OTRA,157,MOTOCICLISTA,CHOQUE,25,FEMENINA,LESIONADO,NO APLICA,NO APLICA,NO APLICA,NO APLICA,PARTICULAR,NO APLICA
HERIDOS,03/19/2022 12:00:00 AM,"2,022",1899-12-31T18:15:00.000,NOCHE,SABADO,VIA PALMASECA - ROZO - EL CERRITO,KM 10  + 850 MTS,RURAL,POLICIA,3.5939,-76.40111,ADELANTAR CERRANDO,103,MOTOCICLISTA,CHOQUE,47,MASCULINO,LESIONADO,NO APLICA,NO APLICA,NO APLICA,NO APLICA,PARTICULAR,NO APLICA
HERIDOS,03/19/2022 12:00:00 AM,"2,022",1899-12-31T18:15:00.000,NOCHE,SABADO,VIA PALMASECA - ROZO - EL CERRITO,KM 10  + 850 MTS,RURAL,POLICIA,3.5939,-76.40111,ADELANTAR CERRANDO,103,ACOMPAÑANTE MOTOCICLISTA,CHOQUE,38,FEMENINA,LESIONADO,NO APLICA,NO APLICA,NO APLICA,NO APLICA,PARTICULAR,NO APLICA
HERIDOS,03/15/2022 12:00:00 AM,"2,022",1899-12-31T19:10:00.000,NOCHE,MARTES,VIA CALI - PALMIRA,KM 3 + 350 MTS,RURAL,POLICIA,3.49732,-76.45779,NO MANTENER DISTANCIA DE SEGURIDAD,121,MOTOCICLISTA,CHOQUE,58,MASCULINO,LESIONADO,NO APLICA,NO APLICA,NO APLICA,NO APLICA,PARTICULAR,NO APLICA
HERIDOS,03/15/2022 12:00:00 AM,"2,022",1899-12-31T13:20:00.000,TARDE,MARTES,VIA  CANDELARIA - PALMIRA,KM 44 +510 MTS,RURAL,POLICIA,3.49811,-76.32979,ADELANTAR INVADIENDO CARRIL,104,PASAJERO,CHOQUE,61,MASCULINO,LESIONADO,NO APLICA,NO APLICA,NO APLICA,NO APLICA,PUBLICO,NO APLICA
HERIDOS,03/12/2022 12:00:00 AM,"2,022",1899-12-31T20:00:00.000,NOCHE,SABADO,VIA CENCAR - AEREOPUERTO,KM 12+  500 MTS,RURAL,POLICIA,3.53594,-76.39832,NO MANTENER DISTANCIA DE SEGURIDAD,121,MOTOCICLISTA,CHOQUE,62,MASCULINO,LESIONADO,NO APLICA,NO APLICA,NO APLICA,NO APLICA,PARTICULAR,NO APLICA
HERIDOS,03/11/2022 12:00:00 AM,"2,022",1899-12-31T15:15:00.000,TARDE,VIERNES,VIA PALMASECA - ROZO - EL CERRITO,KM 7+ 450 MTS,RURAL,POLICIA,3.56777,-76.41076,OTRA,157,CONDUCTOR,CHOQUE,64,MASCULINO,LESIONADO,NO APLICA,NO APLICA,NO APLICA,NO APLICA,PARTICULAR,NO APLICA
HERIDOS,03/08/2022 12:00:00 AM,"2,022",1899-12-31T11:00:00.000,MAÑANA,MARTES,VIA CALI - PALMIRA,KM 9 + 300 MTS,RURAL,POLICIA,3.50978,-76.40367,OTRA,157,MOTOCICLISTA,CHOQUE,25,MASCULINO,LESIONADO,NO APLICA,NO APLICA,NO APLICA,NO APLICA,PARTICULAR,NO APLICA
HERIDOS,03/06/2022 12:00:00 AM,"2,022",1899-12-31T07:00:00.000,MAÑANA,DOMINGO,VIA CALI - PALMIRA,KM 9 + 300 MTS,RURAL,POLICIA,3.50978,-76.40367,NO MANTENER DISTANCIA DE SEGURIDAD,121,MOTOCICLISTA,CHOQUE,35,MASCULINO,LESIONADO,NO APLICA,NO APLICA,NO APLICA,NO APLICA,PARTICULAR,NO APLICA
HERIDOS,03/03/2022 12:00:00 AM,"2,022",1899-12-31T00:00:00.000,MADRUGADA,JUEVES,VIA CALI - PALMIRA,KM 5 + 540 MTS,RURAL,POLICIA,3.50282,-76.43633,NO MANTENER DISTANCIA DE SEGURIDAD,121,MOTOCICLISTA,CHOQUE,33,MASCULINO,LESIONADO,NO APLICA,NO APLICA,NO APLICA,NO APLICA,PARTICULAR,NO APLICA
HERIDOS,03/02/2022 12:00:00 AM,"2,022",1899-12-31T06:00:00.000,MAÑANA,MIERCOLES,VIA SUCROMIELES - EL CERRITO,KM 4 + 200 MTS,RURAL,POLICIA,3.56047,-76.33499,OTRA,157,CONDUCTOR,CHOQUE,42,MASCULINO,LESIONADO,NO APLICA,NO APLICA,NO APLICA,NO APLICA,PARTICULAR,NO APLICA
HERIDOS,03/01/2022 12:00:00 AM,"2,022",1899-12-31T20:30:00.000,NOCHE,MARTES,VIA  CANDELARIA - PALMIRA,KM 46 + 500 MTS,RURAL,POLICIA,3.50207,-76.33162,ADELANTAR EN ZONA PROHIBIDA,105,PEATON,ATROPELLO,55,MASCULINO,LESIONADO,NO APLICA,NO APLICA,NO APLICA,NO APLICA,PARTICULAR,NO APLICA
DAÑOS,03/04/2022 12:00:00 AM,"2,022",1899-12-31T16:30:00.000,TARDE,VIERNES,VIA PALMASECA - ROZO - EL CERRITO,KM 3+ 600 MTS,RURAL,POLICIA,3.55685,-76.41415,OTRA,157,NO APLICA,CHOQUE,35,MASCULINO,NO APLICA,NO APLICA,NO APLICA,NO APLICA,NO APLICA,PARTICULAR,NO APLICA
DAÑOS,03/08/2022 12:00:00 AM,"2,022",1899-12-31T16:20:00.000,TARDE,MARTES,VIA CENCAR - AEREOPUERTO,KM 13+ 130 MTS,RURAL,POLICIA,3.52935,-76.39088,NO MANTENER DISTANCIA DE SEGURIDAD,121,NO APLICA,CHOQUE,56,MASCULINO,NO APLICA,NO APLICA,NO APLICA,NO APLICA,NO APLICA,PARTICULAR,NO APLICA
DAÑOS,03/09/2022 12:00:00 AM,"2,022",1899-12-31T07:20:00.000,MAÑANA,MIERCOLES,VIA CALI - PALMIRA,KM 18+ 300 MTS,RURAL,POLICIA,3.53156,-76.32353,FRENAR BRUSCAMENTE,119,NO APLICA,CHOQUE,61,MASCULINO,NO APLICA,NO APLICA,NO APLICA,NO APLICA,NO APLICA,PARTICULAR,NO APLICA
DAÑOS,03/12/2022 12:00:00 AM,"2,022",1899-12-31T14:30:00.000,TARDE,SABADO,VIA CALI - PALMIRA,KM 12+ 050 MTS,RURAL,POLICIA,3.51505,-76.38069,OTRA,157,NO APLICA,CHOQUE,21,MASCULINO,NO APLICA,NO APLICA,NO APLICA,NO APLICA,NO APLICA,PARTICULAR,NO APLICA
DAÑOS,03/15/2022 12:00:00 AM,"2,022",1899-12-31T19:00:00.000,NOCHE,MARTES,VIA CALI - PALMIRA,KM 3+ 350 MTS,RURAL,POLICIA,3.49794,-76.45654,NO MANTENER DISTANCIA DE SEGURIDAD,121,NO APLICA,CHOQUE,19,MASCULINO,NO APLICA,NO APLICA,NO APLICA,NO APLICA,NO APLICA,PARTICULAR,NO APLICA
DAÑOS,03/18/2022 12:00:00 AM,"2,022",1899-12-31T20:50:00.000,NOCHE,LUNES,VIA MULALO - PRODESAL,KM 3+ 500 MTS,RURAL,POLICIA,3.62056,-76.44349,OTRA,157,NO APLICA,CHOQUE,24,MASCULINO,NO APLICA,NO APLICA,NO APLICA,NO APLICA,NO APLICA,PARTICULAR,NO APLICA
DAÑOS,03/20/2022 12:00:00 AM,"2,022",1899-12-31T05:00:00.000,MADRUGADA,MIERCOLES,VIA CALI - PALMIRA,KM 15+ 890 MTS,RURAL,POLICIA,3.5228,-76.34683,OTRA,157,NO APLICA,CHOQUE,33,MASCULINO,NO APLICA,NO APLICA,NO APLICA,NO APLICA,NO APLICA,PARTICULAR,NO APLICA
DAÑOS,03/21/2022 12:00:00 AM,"2,022",1899-12-31T08:00:00.000,MAÑANA,JUEVES,VIA SUCROMIELES - EL CERRITO,KM 3,RURAL,POLICIA,3.54988,-76.33815,OTRA,157,NO APLICA,CHOQUE,36,MASCULINO,NO APLICA,NO APLICA,NO APLICA,NO APLICA,NO APLICA,PARTICULAR,NO APLICA
DAÑOS,03/30/2022 12:00:00 AM,"2,022",1899-12-31T18:40:00.000,NOCHE,MIERCOLES,VIA CALI - PALMIRA,KM 10+ 700 MTS,RURAL,POLICIA,3.51304,-76.38994,EMBRIAGUEZ APARENTE,115,NO APLICA,CHOQUE,45,MASCULINO,NO APLICA,NO APLICA,NO APLICA,NO APLICA,NO APLICA,PARTICULAR,NO APLICA
MUERTO,05/09/2022 12:00:00 AM,"2,022",1899-12-31T18:30:00.000,NOCHE,LUNES,VIA PALMASECA - EL CERRITO,KM 6 + 100 MTS,RURAL,POLICIA,3.55355,-76.41492,NO ESTAR ATENTO A LOS OBSTACULOS SOBRE LA VIA,157,MOTOCICLISTA,CHOQUE,42,MASCULINO,MUERTO,NO APLICA,MOTO,BAJAJ,BUGA,PARTICULAR,NO APLICA
MUERTO,05/09/2022 12:00:00 AM,"2,022",1899-12-31T18:30:00.000,NOCHE,LUNES,VIA PALMASECA - EL CERRITO,KM 6 + 100 MTS,RURAL,POLICIA,3.55355,-76.41492,NO ESTAR ATENTO A LOS OBSTACULOS SOBRE LA VIA,157,NO APLICA,CHOQUE,43,MASCULINO,NO APLICA,NO APLICA,CAMION,HINO,CALI,PUBLICO,NO APLICA
MUERTO,05/09/2022 12:00:00 AM,"2,022",1899-12-31T18:30:00.000,NOCHE,LUNES,VIA PALMASECA - EL CERRITO,KM 6 + 100 MTS,RURAL,POLICIA,3.55355,-76.41492,NO ESTAR ATENTO A LOS OBSTACULOS SOBRE LA VIA,157,NO APLICA,CHOQUE,46,MASCULINO,NO APLICA,NO APLICA,CAMIONETA,CHEVROLET,CALI,PARTICULAR,NO APLICA
MUERTO,05/09/2022 12:00:00 AM,"2,022",1899-12-31T18:30:00.000,NOCHE,LUNES,VIA PALMASECA - EL CERRITO,KM 6 + 100 MTS,RURAL,POLICIA,3.55355,-76.41492,NO ESTAR ATENTO A LOS OBSTACULOS SOBRE LA VIA,157,NO APLICA,CHOQUE,65,MASCULINO,NO APLICA,NO APLICA,CAMIONETA,CHEVROLET,GUACARI,PARTICULAR,NO APLICA
HERIDOS,04/29/2022 12:00:00 AM,"2,022",1899-12-31T18:40:00.000,NOCHE,VIERNES,VIA PALMASECA - EL CERRITO,KM 9 + 300 MTS,RURAL,POLICIA,3.58518,-76.40416,ADELANTAR INVADIENDO CARRIL,104,MOTOCICLISTA,CHOQUE,35,FEMENINO,LESIONADO,NO APLICA,MOTO,NO APLICA,NO APLICA,PARTICULAR,NO APLICA
HERIDOS,04/29/2022 12:00:00 AM,"2,022",1899-12-31T18:40:00.000,NOCHE,SÁBADO,VIA PALMASECA - EL CERRITO,KM 9 + 300 MTS,RURAL,POLICIA,3.58518,-76.40416,ADELANTAR INVADIENDO CARRIL,104,ACOMPAÑANTE MOTOCICLISTA,CHOQUE,42,MASCULINO,LESIONADO,NO APLICA,NO APLICA,NO APLICA,NO APLICA,NO APLICA,NO APLICA
HERIDOS,04/26/2022 12:00:00 AM,"2,022",1899-12-31T14:25:00.000,TARDE,MARTES,VIA CALI  - PALMIRA,KM 12 +  200 MTS,RURAL,POLICIA,3.5154,-76.37925,NO MANTENER DISTANCIA DE SEGURIDAD,121,MOTOCICLISTA,CHOQUE,19,MASCULINO,LESIONADO,NO APLICA,MOTO,NO APLICA,NO APLICA,PARTICULAR,NO APLICA
HERIDOS,04/12/2022 12:00:00 AM,"2,022",1899-12-31T13:10:00.000,TARDE,MIÉRCOLES,VIA   PALMIRA - CANDELARIA,KM 41+  760 MTS,RURAL,POLICIA,3.46297,-76.33398,TRANSITAR POR SU DERECHA EN VÍAS RURALES,403,PEATON,ATROPELLO,22,FEMENINO,LESIONADO,NO APLICA,NO APLICA,NO APLICA,NO APLICA,NO APLICA,NO APLICA
HERIDOS,04/08/2022 12:00:00 AM,"2,022",1899-12-31T16:00:00.000,TARDE,VIERNES,VIA CENCAR - AEREOPUERTO,KM 2 +  330 MTS,RURAL,POLICIA,3.55603,-76.46893,ADELANTAR POR LA DERECHA,102,MOTOCICLISTA,CHOQUE,61,MASCULINO,LESIONADO,NO APLICA,MOTO,NO APLICA,NO APLICA,PARTICULAR,NO APLICA
HERIDOS,04/08/2022 12:00:00 AM,"2,022",1899-12-31T07:40:00.000,MAÑANA,SÁBADO,VIA   PALMIRA - CANDELARIA,KM 43 + 400 MTS,RURAL,POLICIA,3.47784,-76.32988,GIRAR BRUSCAMENTE,119,MOTOCICLISTA,CHOQUE,38,MASCULINO,LESIONADO,NO APLICA,MOTO,NO APLICA,NO APLICA,PARTICULAR,NO APLICA
HERIDOS,04/05/2022 12:00:00 AM,"2,022",1899-12-31T19:00:00.000,NOCHE,MARTES,VIA CALI  - PALMIRA,KM 14  + 755 MTS,RURAL,POLICIA,3.52037,-76.35706,CRUZAR SIN OBSERVAR,409,MOTOCICLISTA,ATROPELLO,42,MASCULINO,LESIONADO,NO APLICA,NO APLICA,NO APLICA,NO APLICA,PARTICULAR,NO APLICA
HERIDOS,04/05/2022 12:00:00 AM,"2,022",1899-12-31T19:00:00.000,NOCHE,MIÉRCOLES,VIA CALI  - PALMIRA,KM 14  + 755 MTS,RURAL,POLICIA,3.52037,-76.35706,CRUZAR SIN OBSERVAR,409,ACOMPAÑANTE MOTOCICLISTA,ATROPELLO,35,FEMENINO,LESIONADO,NO APLICA,NO APLICA,NO APLICA,NO APLICA,NO APLICA,NO APLICA
HERIDOS,04/05/2022 12:00:00 AM,"2,022",1899-12-31T19:00:00.000,NOCHE,JUEVES,VIA CALI  - PALMIRA,KM 14  + 755 MTS,RURAL,POLICIA,3.52037,-76.35706,CRUZAR SIN OBSERVAR,409,PEATON,ATROPELLO,45,MASCULINO,LESIONADO,NO APLICA,NO APLICA,NO APLICA,NO APLICA,NO APLICA,NO APLICA
HERIDOS,04/05/2022 12:00:00 AM,"2,022",1899-12-31T15:30:00.000,TARDE,VIERNES,VIA SUCROMIELES - EL  CERRITO,KM 7  + 200 MTS,RURAL,POLICIA,3.58486,-76.32329,OTRA,157,MOTOCICLISTA,CHOQUE,22,MASCULINO,LESIONADO,NO APLICA,NO APLICA,NO APLICA,NO APLICA,PARTICULAR,NO APLICA
HERIDOS,04/05/2022 12:00:00 AM,"2,022",1899-12-31T15:30:00.000,TARDE,SÁBADO,VIA SUCROMIELES - EL  CERRITO,KM 7  + 200 MTS,RURAL,POLICIA,3.58486,-76.32329,OTRA,157,ACOMPAÑANTE MOTOCICLISTA,CHOQUE,28,MASCULINO,LESIONADO,NO APLICA,NO APLICA,NO APLICA,NO APLICA,NO APLICA,NO APLICA
HERIDOS,04/04/2022 12:00:00 AM,"2,022",1899-12-31T00:00:00.000,MADRUGADA,LUNES,VIA   PALMIRA - CANDELARIA,KM 43,RURAL,POLICIA,3.46608,-76.33202,EMBRIAGUEZ APARENTE,115,MOTOCICLISTA,CHOQUE,33,MASCULINO,LESIONADO,NO APLICA,MOTO,NO APLICA,NO APLICA,PARTICULAR,NO APLICA
HERIDOS,04/04/2022 12:00:00 AM,"2,022",1899-12-31T00:00:00.000,MADRUGADA,MARTES,VIA   PALMIRA - CANDELARIA,KM 41+  760 MTS,RURAL,POLICIA,3.46297,-76.33398,EMBRIAGUEZ APARENTE,115,ACOMPAÑANTE MOTOCICLISTA,CHOQUE,28,FEMENINO,LESIONADO,NO APLICA,NO APLICA,NO APLICA,NO APLICA,NO APLICA,NO APLICA
HERIDOS,04/04/2022 12:00:00 AM,"2,022",1899-12-31T14:10:00.000,TARDE,MIÉRCOLES,VIA CALI  - PALMIRA,KM 0 800 MTS,RURAL,POLICIA,3.49347,-76.47963,FALLAS EN LAS LLANTAS,201,MOTOCICLISTA,CHOQUE,29,FEMENINO,LESIONADO,NO APLICA,MOTO,NO APLICA,NO APLICA,PARTICULAR,NO APLICA
HERIDOS,04/03/2022 12:00:00 AM,"2,022",1899-12-31T15:30:00.000,TARDE,DOMINGO,VIA CALI  - PALMIRA,KM 0 800 MTS,RURAL,POLICIA,3.49347,-76.47963,NO MANTENER DISTANCIA DE SEGURIDAD,121,MOTOCICLISTA,CHOQUE,21,MASCULINO,LESIONADO,NO APLICA,MOTO,NO APLICA,NO APLICA,PARTICULAR,NO APLICA
DAÑOS,04/02/2022 12:00:00 AM,"2,022",1899-12-31T13:05:00.000,TARDE,SÁBADO,VIA PALMASECA - EL CERRITO,KM 0+ 240 MTS,RURAL,POLICIA,3.50552,-76.43376,OTRA,157,NO APLICA,CHOQUE,35,MASCULINO,NO APLICA,NO APLICA,NO APLICA,NO APLICA,NO APLICA,PARTICULAR,NO APLICA
DAÑOS,04/06/2022 12:00:00 AM,"2,022",1899-12-31T13:25:00.000,TARDE,MIÉRCOLES,VIA CENCAR - AEREOPUERTO,KM 12+ 800 MTS,RURAL,POLICIA,3.53325,-76.39022,FALLAS EN LAS LLANTAS,201,NO APLICA,CHOQUE,25,MASCULINO,NO APLICA,NO APLICA,NO APLICA,NO APLICA,NO APLICA,PARTICULAR,NO APLICA
DAÑOS,04/06/2022 12:00:00 AM,"2,022",1899-12-31T17:00:00.000,TARDE,JUEVES,VIA CENCAR - AEREOPUERTO,KM 2+ 300 MTS,RURAL,POLICIA,3.55485,-76.47283,OTRA,157,NO APLICA,CHOQUE,49,MASCULINO,NO APLICA,NO APLICA,NO APLICA,NO APLICA,NO APLICA,PARTICULAR,NO APLICA
DAÑOS,04/11/2022 12:00:00 AM,"2,022",1899-12-31T08:20:00.000,MAÑANA,LUNES,VIA PALMASECA - EL CERRITO,KM 15+ 300 MTS,RURAL,POLICIA,3.61734,-76.39805,NO MANTENER DISTANCIA DE SEGURIDAD,121,NO APLICA,CHOQUE,47,MASCULINO,NO APLICA,NO APLICA,NO APLICA,NO APLICA,NO APLICA,PARTICULAR,NO APLICA
DAÑOS,04/12/2022 12:00:00 AM,"2,022",1899-12-31T07:10:00.000,MAÑANA,MARTES,VIA PALMIRA - CANDELARIA,KM 47+ 900 MTS,RURAL,POLICIA,3.51515,-76.33776,OTRA,157,NO APLICA,CHOQUE,56,FEMENINA,NO APLICA,NO APLICA,NO APLICA,NO APLICA,NO APLICA,PARTICULAR,NO APLICA
DAÑOS,04/12/2022 12:00:00 AM,"2,022",1899-12-31T08:14:00.000,MAÑANA,MIÉRCOLES,VIA SUCROMIELES - EL  CERRITO,KM 5+ 200 MTS,RURAL,POLICIA,3.54555,-76.33848,NO MANTENER DISTANCIA DE SEGURIDAD,121,NO APLICA,CHOQUE,33,MASCULNO,NO APLICA,NO APLICA,NO APLICA,NO APLICA,NO APLICA,PARTICULAR,NO APLICA
DAÑOS,04/12/2022 12:00:00 AM,"2,022",1899-12-31T16:50:00.000,TARDE,JUEVES,VIA CENCAR - AEREOPUERTO,KM 9+ 750 MTS,RURAL,POLICIA,3.54333,-76.41303,NO RESPETAR PRELACIÓN DE INTERSECCIONES O GIROS,123,NO APLICA,CHOQUE,26,MASCULNO,NO APLICA,NO APLICA,NO APLICA,NO APLICA,NO APLICA,PARTICULAR,NO APLICA
DAÑOS,04/12/2022 12:00:00 AM,"2,022",1899-12-31T19:20:00.000,NOCHE,VIERNES,VIA CALI - PALMIRA,KM 1+ 760 MTS,RURAL,POLICIA,3.49371,-76.47188,OTRA,157,NO APLICA,CHOQUE,60,MASCULNO,NO APLICA,NO APLICA,NO APLICA,NO APLICA,NO APLICA,PARTICULAR,NO APLICA
DAÑOS,04/17/2022 12:00:00 AM,"2,022",1899-12-31T13:10:00.000,TARDE,DOMINGO,VIA CALI - PALMIRA,KM 7+ 75 MTS,RURAL,POLICIA,3.50639,-76.41828,NO MANTENER DISTANCIA DE SEGURIDAD,121,NO APLICA,CHOQUE,36,MASCULNO,NO APLICA,NO APLICA,NO APLICA,NO APLICA,NO APLICA,PARTICULAR,NO APLICA
DAÑOS,04/19/2022 12:00:00 AM,"2,022",1899-12-31T20:25:00.000,NOCHE,MARTES,VIA PALMIRA - CANDELARIA,KM 44+ 800 MTS,RURAL,POLICIA,3.49054,-76.32754,OTRA,157,NO APLICA,CHOQUE,39,MASCULNO,NO APLICA,NO APLICA,NO APLICA,NO APLICA,NO APLICA,PARTICULAR,NO APLICA
DAÑOS,04/20/2022 12:00:00 AM,"2,022",1899-12-31T19:50:00.000,NOCHE,MIÉRCOLES,VIA SUCROMIELES - EL  CERRITO,KM 2+ 500 MTS,RURAL,POLICIA,3.54555,-76.33848,NO MANTENER DISTANCIA DE SEGURIDAD,121,NO APLICA,CHOQUE,32,MASCULNO,NO APLICA,NO APLICA,NO APLICA,NO APLICA,NO APLICA,PARTICULAR,NO APLICA
DAÑOS,04/22/2022 12:00:00 AM,"2,022",1899-12-31T18:35:00.000,NOCHE,JUEVES,VIA CALI - PALMIRA,KM 9+ 895 MTS,RURAL,POLICIA,3.51119,-76.39949,NO MANTENER DISTANCIA DE SEGURIDAD,121,NO APLICA,CHOQUE,31,MASCULNO,NO APLICA,NO APLICA,NO APLICA,NO APLICA,NO APLICA,PARTICULAR,NO APLICA
DAÑOS,04/29/2022 12:00:00 AM,"2,022",1899-12-31T13:33:00.000,TARDE,VIERNES,VIA CENCAR - AEREOPUERTO,KM 5+ 100 MTS,RURAL,POLICIA,3.5594,-76.44768,NO MANTENER DISTANCIA DE SEGURIDAD,121,NO APLICA,CHOQUE,25,MASCULNO,NO APLICA,NO APLICA,NO APLICA,NO APLICA,NO APLICA,PARTICULAR,NO APLICA